map,population_deviation,estimated_vote_pct,pr_deviation,pr_seats,pr_pct,estimated_seats,estimated_seat_pct,fptp_seats,disproportionality,efficiency_gap,gamma,seats_bias,votes_bias,geometric_seats_bias,global_symmetry,declination,mean_median_statewide,mean_median_average_district,turnout_bias,lopsided_outcomes,competitive_districts,competitive_district_pct,average_margin,responsiveness,responsive_districts,responsive_district_pct,overall_responsiveness,avg_dem_win_pct,avg_rep_win_pct,proportionality,competitiveness,opportunity_districts,proportional_opportunities,coalition_districts,proportional_coalitions,minority,alt_opportunity_districts,alt_coalition_districts,minority_alt,reock,polsby_popper,cut_score,compactness,county_splitting,district_splitting,counties_split,county_splits,splitting
official-proxy,0.007300,0.494300,0.017800,7,0.500000,6.750900,0.482200,7,0.012100,0.006400,0.002800,0.002900,0.001100,0.002600,0.001200,0.187500,0.007400,0.007000,0.000400,-0.005600,3.158200,0.225600,0.097100,2.619000,3.158200,0.225600,3.111400,0.591000,0.603200,94,30,0.940500,5,7.475300,5,60,1.762100,8.297600,68,0.414500,0.319500,604,60,1.147300,1.381800,12,12,59
000000000,0.008400,0.494300,0.131100,7,0.500000,5.163900,0.368900,4,0.125400,0.119700,0.114800,0.111400,0.024200,0.110000,0.027900,16.190600,0.033200,0.032200,0.001000,0.031100,3.757500,0.268400,0.086700,2.860800,3.757500,0.268400,22.934300,0.639900,0.565400,37,36,0.000000,5,7.538500,5,50,0.527000,8.374800,56,0.361300,0.183800,806,33,1.317500,2.143900,40,47,7
000000001,0.008700,0.494300,0.125900,7,0.500000,5.236800,0.374100,4,0.120200,0.114500,0.108800,0.105400,0.022700,0.104100,0.025700,14.802600,0.031700,0.030500,0.001200,0.027500,3.961400,0.283000,0.084600,2.994800,3.961400,0.283000,22.024300,0.635900,0.564100,40,38,0.000000,5,7.569000,5,50,0.526500,8.405300,56,0.356500,0.184300,803,32,1.317500,2.143900,40,47,7
000000002,0.009100,0.494300,0.124800,7,0.500000,5.252500,0.375200,4,0.119100,0.113400,0.107400,0.103800,0.021900,0.102500,0.024700,14.668600,0.031700,0.030700,0.001000,0.027400,4.022300,0.287300,0.084300,3.046500,4.022300,0.287300,21.827800,0.635900,0.563700,40,38,0.000000,5,7.569000,5,50,0.526500,8.594800,56,0.378200,0.193000,791,37,1.311800,2.098600,38,45,8
000000003,0.008600,0.494300,0.127500,7,0.500000,5.215000,0.372500,4,0.121800,0.116100,0.110000,0.106200,0.022000,0.104800,0.025100,14.998500,0.030200,0.029200,0.001100,0.028000,4.065700,0.290400,0.084400,3.067800,4.065700,0.290400,22.296900,0.635900,0.563800,39,39,0.000000,5,7.631300,5,50,0.478700,8.657100,55,0.378900,0.196500,785,38,1.310500,2.076300,36,44,8
000000004,0.008900,0.494300,0.126600,7,0.500000,5.226900,0.373400,4,0.120900,0.115200,0.108900,0.105200,0.021800,0.103800,0.024800,14.776600,0.030200,0.029100,0.001100,0.027400,4.105600,0.293300,0.084100,3.100000,4.105600,0.293300,22.147900,0.635300,0.563700,40,39,0.000000,5,7.633300,5,50,0.461000,8.659000,54,0.390500,0.203300,770,41,1.297100,2.015500,34,41,10
000000005,0.008900,0.494300,0.126700,7,0.500000,5.226200,0.373300,4,0.121000,0.115300,0.109000,0.105300,0.021800,0.103900,0.024900,14.784500,0.030200,0.029100,0.001100,0.027400,4.103300,0.293100,0.084100,3.098400,4.103300,0.293100,22.157200,0.635300,0.563700,40,39,0.000000,5,7.633300,5,50,0.461000,8.659000,54,0.383800,0.198500,778,40,1.297600,2.006900,33,41,10
000000006,0.008900,0.494300,0.127100,7,0.500000,5.220900,0.372900,4,0.121400,0.115600,0.109500,0.105800,0.022100,0.104400,0.025200,14.813300,0.030200,0.029000,0.001300,0.027300,4.082800,0.291600,0.084300,3.080300,4.082800,0.291600,22.222300,0.635300,0.563900,39,39,0.000000,5,7.633300,5,50,0.461000,8.595800,54,0.410300,0.209600,773,46,1.298400,1.982400,32,40,10
000000007,0.009400,0.494300,0.128900,7,0.500000,5.194900,0.371100,4,0.123200,0.117500,0.111700,0.107900,0.022500,0.106500,0.025600,15.248200,0.030200,0.029000,0.001200,0.028400,4.003800,0.286000,0.084900,3.018400,4.003800,0.286000,22.547600,0.636400,0.564300,38,38,0.000000,5,7.632800,5,50,0.469200,8.595300,54,0.401400,0.209500,777,44,1.297700,2.005600,33,41,10
000000008,0.009400,0.494300,0.121600,7,0.500000,5.297400,0.378400,4,0.115900,0.110200,0.102400,0.098400,0.019200,0.096800,0.021200,12.480300,0.030200,0.028800,0.001400,0.021200,4.422900,0.315900,0.077600,3.357000,4.422900,0.315900,21.267300,0.623400,0.559300,42,42,0.000000,5,7.618100,5,50,0.438000,8.955300,54,0.398300,0.214800,772,44,1.296500,2.000800,33,40,10
000000009,0.009400,0.494300,0.120500,7,0.500000,5.313300,0.379500,4,0.114800,0.109000,0.101200,0.097200,0.019000,0.095700,0.020900,12.319900,0.028700,0.027300,0.001400,0.020900,4.453900,0.318100,0.077600,3.374300,4.453900,0.318100,21.068500,0.623400,0.559300,43,42,0.000000,5,7.623400,5,50,0.438100,8.941000,54,0.395100,0.209400,776,42,1.295000,1.981100,32,39,10
000000010,0.009400,0.494300,0.120300,7,0.500000,5.315500,0.379700,4,0.114600,0.108900,0.101000,0.097100,0.019000,0.095500,0.020900,12.300300,0.028700,0.027300,0.001400,0.020800,4.457100,0.318400,0.077600,3.376000,4.457100,0.318400,21.041800,0.623400,0.559300,43,42,0.000000,5,7.629100,5,50,0.438700,8.918400,54,0.395100,0.211000,771,43,1.295100,1.981200,32,39,10
000000011,0.008200,0.494300,0.122500,7,0.500000,5.285200,0.377500,4,0.116800,0.111100,0.103300,0.099200,0.019200,0.097700,0.021300,12.600100,0.028700,0.027300,0.001400,0.021500,4.411100,0.315100,0.077600,3.350900,4.411100,0.315100,21.420100,0.623400,0.559300,42,42,0.000000,5,7.628800,5,50,0.407600,8.926200,54,0.395300,0.217700,762,44,1.291400,1.943400,30,36,11
000000012,0.008200,0.494300,0.122500,7,0.500000,5.284500,0.377500,4,0.116800,0.111100,0.103400,0.099300,0.019300,0.097700,0.021400,12.622900,0.028700,0.027300,0.001300,0.021600,4.409000,0.314900,0.077500,3.349500,4.409000,0.314900,21.428500,0.623400,0.559200,42,42,0.000000,5,7.628800,5,50,0.407600,8.926200,54,0.398600,0.218000,765,44,1.289800,1.910700,28,34,11
000000013,0.008400,0.494300,0.097800,7,0.500000,5.631500,0.402200,5,0.092000,0.086300,0.076000,0.073100,0.014600,0.071900,0.015700,8.452700,0.025900,0.024800,0.001100,0.012300,4.942700,0.353100,0.072600,3.805000,4.942700,0.353100,17.094200,0.592000,0.561800,54,47,0.000000,5,7.713800,5,50,0.430300,8.802700,54,0.394000,0.220500,763,44,1.284000,1.882500,28,33,12
000000014,0.008400,0.494300,0.090700,7,0.500000,5.730700,0.409300,5,0.084900,0.079200,0.069100,0.066700,0.013900,0.065700,0.014800,7.730700,0.026500,0.025500,0.001000,0.010900,4.871000,0.347900,0.072500,3.765200,4.871000,0.347900,15.854800,0.592000,0.561600,58,46,0.000000,5,7.488900,5,50,0.447000,8.577800,54,0.399500,0.232800,718,46,1.261300,1.809900,26,30,16
000000015,0.008400,0.494300,0.100500,7,0.500000,5.593300,0.399500,4,0.094800,0.089000,0.078600,0.075500,0.014800,0.074300,0.016300,8.771000,0.026500,0.025500,0.001000,0.013100,4.993000,0.356600,0.071400,3.831000,4.993000,0.356600,17.570800,0.613300,0.554700,53,48,0.000000,5,7.438900,5,50,0.434000,8.648900,54,0.408500,0.235200,699,48,1.240800,1.747400,25,27,18
000000016,0.008400,0.494300,0.100700,7,0.500000,5.590300,0.399300,4,0.095000,0.089300,0.078800,0.075800,0.014900,0.074500,0.016300,8.789500,0.026500,0.025500,0.001000,0.013100,4.983300,0.356000,0.071500,3.824400,4.983300,0.356000,17.608700,0.613300,0.554700,53,47,0.000000,5,7.438900,5,50,0.434000,8.648900,54,0.409800,0.242300,686,50,1.239900,1.744400,25,27,18
000000017,0.008400,0.494300,0.102100,7,0.500000,5.571200,0.397900,4,0.096300,0.090600,0.080200,0.077000,0.015000,0.075800,0.016500,8.931600,0.026500,0.025500,0.001000,0.013400,4.985200,0.356100,0.071500,3.825300,4.985200,0.356100,17.846700,0.613300,0.554800,52,47,0.000000,5,7.424900,5,50,0.432300,8.659400,54,0.410600,0.244200,692,50,1.239400,1.743400,25,27,18
000000018,0.008400,0.494300,0.102400,7,0.500000,5.566200,0.397600,4,0.096700,0.091000,0.080400,0.077300,0.015000,0.076000,0.016500,8.830200,0.026500,0.025200,0.001300,0.013000,5.004500,0.357500,0.071300,3.846800,5.004500,0.357500,17.909800,0.612500,0.554800,52,48,0.000000,5,7.425900,5,50,0.556700,8.660400,56,0.428200,0.251800,681,54,1.236900,1.720000,24,26,19
000000019,0.008400,0.494300,0.102300,7,0.500000,5.568000,0.397700,4,0.096600,0.090800,0.080300,0.077200,0.015000,0.075900,0.016500,8.813800,0.026500,0.025200,0.001300,0.012900,5.009800,0.357800,0.071300,3.850000,5.009800,0.357800,17.887300,0.612500,0.554800,52,48,0.000000,5,7.441000,5,50,0.556700,8.668400,56,0.427200,0.251300,684,54,1.236900,1.719900,24,26,19
000000020,0.008400,0.494300,0.102500,7,0.500000,5.565200,0.397500,4,0.096800,0.091100,0.080400,0.077300,0.015000,0.076100,0.016500,8.833100,0.025900,0.024700,0.001300,0.013000,5.017400,0.358400,0.071300,3.854200,5.017400,0.358400,17.922700,0.612500,0.554800,52,48,0.000000,5,7.439200,5,50,0.556200,8.666600,56,0.428200,0.267300,665,56,1.234500,1.699600,23,25,19
000000021,0.008400,0.494300,0.102200,7,0.500000,5.568800,0.397800,4,0.096500,0.090800,0.080100,0.077000,0.014900,0.075700,0.016500,8.828100,0.025900,0.024800,0.001200,0.013100,5.029200,0.359200,0.071200,3.862200,5.029200,0.359200,17.876900,0.612500,0.554600,52,48,0.000000,5,7.439200,5,50,0.556200,8.666500,56,0.420000,0.265200,677,54,1.235900,1.705500,23,25,19
000000022,0.008200,0.494300,0.099900,7,0.500000,5.600900,0.400100,4,0.094200,0.088500,0.078600,0.075200,0.014800,0.073900,0.015100,8.377800,0.025900,0.024400,0.001500,0.011700,4.907400,0.350500,0.070900,3.728700,4.907400,0.350500,17.476300,0.611400,0.554600,53,47,0.000000,5,8.150400,5,50,0.556700,8.997700,56,0.402100,0.261100,687,50,1.236700,1.706600,23,25,19
000000023,0.008200,0.494300,0.100400,7,0.500000,5.594900,0.399600,4,0.094600,0.088900,0.079100,0.075800,0.014900,0.074400,0.015100,8.403600,0.025900,0.024300,0.001600,0.011700,4.888100,0.349100,0.071000,3.715500,4.888100,0.349100,17.551600,0.611400,0.554800,53,47,0.000000,5,8.150400,5,50,0.556700,8.997700,56,0.410100,0.262700,675,52,1.235300,1.701000,23,25,19
000000024,0.008200,0.494300,0.107700,7,0.500000,5.492500,0.392300,4,0.102000,0.096200,0.087300,0.083600,0.016400,0.082200,0.017000,9.655400,0.026400,0.024800,0.001600,0.014500,4.688500,0.334900,0.072800,3.566100,4.688500,0.334900,18.830500,0.614600,0.556000,49,45,0.000000,5,8.062400,5,50,0.559000,8.909700,56,0.413500,0.256200,666,52,1.235400,1.701200,23,25,19
000000025,0.008300,0.494300,0.110400,7,0.500000,5.454500,0.389600,4,0.104700,0.099000,0.090100,0.086300,0.016700,0.084800,0.017500,10.013300,0.030200,0.028700,0.001500,0.015400,4.636000,0.331100,0.072700,3.540400,4.636000,0.331100,19.304400,0.614600,0.555900,48,44,0.000000,5,7.982500,5,50,0.496700,8.886300,55,0.418300,0.263700,661,54,1.237400,1.681300,21,23,19
000000026,0.008300,0.494300,0.111800,7,0.500000,5.435200,0.388200,4,0.106100,0.100300,0.091800,0.088000,0.017200,0.086500,0.018300,10.473800,0.030200,0.028900,0.001300,0.016600,4.569800,0.326400,0.073700,3.493500,4.569800,0.326400,19.545500,0.616600,0.556500,47,44,0.000000,5,7.278400,5,50,0.496700,8.835300,55,0.420000,0.267000,657,55,1.236000,1.676600,20,22,19
000000027,0.008300,0.494300,0.110900,7,0.500000,5.447500,0.389100,4,0.105200,0.099500,0.090800,0.087000,0.017000,0.085500,0.018200,10.397100,0.029500,0.028300,0.001200,0.016600,4.602600,0.328800,0.073500,3.515300,4.602600,0.328800,19.392600,0.616600,0.556300,47,44,0.000000,5,7.333700,5,50,0.440500,8.828700,54,0.417200,0.262900,645,54,1.236400,1.675900,20,23,19
000000028,0.008300,0.494300,0.111600,7,0.500000,5.437500,0.388400,4,0.105900,0.100200,0.091600,0.087900,0.017200,0.086400,0.018500,10.494300,0.029500,0.028300,0.001200,0.016800,4.568400,0.326300,0.073600,3.491100,4.568400,0.326300,19.516800,0.616600,0.556300,47,44,0.000000,5,7.333700,5,50,0.440500,8.790900,54,0.422200,0.263300,645,55,1.234600,1.653600,19,22,19
000000029,0.008300,0.494300,0.064600,7,0.500000,6.095700,0.435400,5,0.058900,0.053200,0.047800,0.045400,0.011700,0.044300,0.007900,5.604700,0.029500,0.028100,0.001400,0.006200,3.729700,0.266400,0.084000,2.942800,3.729700,0.266400,11.295900,0.607700,0.570900,71,36,0.000000,5,7.622700,5,50,0.505600,8.785100,55,0.412000,0.269900,652,54,1.245800,1.686500,19,22,18
000000030,0.008300,0.494300,0.075200,7,0.500000,5.947500,0.424800,5,0.069500,0.063700,0.060600,0.058300,0.016200,0.057300,0.013200,8.317700,0.035700,0.035300,0.000400,0.014000,3.203400,0.228800,0.090900,2.547500,3.203400,0.228800,13.146700,0.618700,0.575400,65,31,0.000000,5,6.671400,5,50,0.604700,8.177900,56,0.410800,0.265200,671,52,1.245800,1.686500,19,22,18
000000031,0.008300,0.494300,0.075200,7,0.500000,5.947500,0.424800,5,0.069500,0.063700,0.060600,0.058300,0.016200,0.057300,0.013200,8.317700,0.035700,0.035300,0.000400,0.014000,3.203400,0.228800,0.090900,2.547500,3.203400,0.228800,13.146700,0.618700,0.575400,65,31,0.000000,5,6.671400,5,50,0.604700,8.177900,56,0.410800,0.265200,671,52,1.245800,1.686500,19,22,18
000000032,0.008300,0.494300,0.075200,7,0.500000,5.947300,0.424800,5,0.069500,0.063800,0.060600,0.058400,0.016200,0.057300,0.013200,8.319400,0.035700,0.035300,0.000400,0.014000,3.202400,0.228700,0.090900,2.546800,3.202400,0.228700,13.149900,0.618700,0.575400,65,30,0.000000,5,6.671400,5,50,0.604700,8.165800,56,0.402700,0.264900,669,51,1.242700,1.657100,18,21,18
000000033,0.008300,0.494300,0.067000,7,0.500000,6.061900,0.433000,5,0.061300,0.055600,0.050500,0.048700,0.013200,0.047900,0.011300,6.803100,0.025900,0.025500,0.000400,0.010200,3.656800,0.261200,0.088100,2.892400,3.656800,0.261200,11.717600,0.614700,0.573300,69,35,0.000000,5,6.642800,5,50,0.824700,8.137200,58,0.419500,0.282300,640,57,1.239900,1.625000,17,20,18
000000034,0.008300,0.494300,0.067100,7,0.500000,6.060500,0.432900,5,0.061400,0.055700,0.050500,0.048800,0.013300,0.048000,0.011500,6.882400,0.025900,0.025600,0.000300,0.010500,3.662600,0.261600,0.088200,2.901200,3.662600,0.261600,11.735900,0.615000,0.573300,69,35,0.000000,5,6.646200,5,50,0.817200,8.140600,58,0.416400,0.281600,647,56,1.239900,1.625000,17,20,18
000000035,0.008300,0.494300,0.036900,7,0.500000,6.484000,0.463100,6,0.031100,0.025400,0.020700,0.019900,0.006200,0.019200,0.005200,2.769600,0.021000,0.021300,-0.000400,0.001300,3.432700,0.245200,0.086700,2.834100,3.432700,0.245200,6.445900,0.594900,0.580600,84,33,0.000000,5,6.675700,5,50,0.817800,8.170100,58,0.429300,0.280000,655,58,1.240700,1.629500,17,20,18
000000036,0.007500,0.494300,0.028400,7,0.500000,6.601800,0.471600,6,0.022700,0.017000,0.011100,0.010300,0.003100,0.009800,0.004700,1.732000,0.011500,0.012200,-0.000700,-0.000900,3.742000,0.267300,0.086400,3.036300,3.742000,0.267300,4.974200,0.594900,0.580000,89,36,0.000000,5,6.675700,5,50,0.821000,8.375300,58,0.418800,0.268700,658,55,1.239300,1.620600,17,20,18
000000037,0.007500,0.494300,0.034000,7,0.500000,6.523700,0.466000,6,0.028300,0.022600,0.017400,0.016600,0.005100,0.016000,0.004800,2.353600,0.017300,0.017500,-0.000300,0.000200,3.549300,0.253500,0.086800,2.911400,3.549300,0.253500,5.950000,0.594900,0.580700,86,34,0.000000,5,6.675700,5,50,0.817700,7.981900,58,0.422200,0.273500,652,56,1.236900,1.614500,17,20,19
000000038,0.008200,0.494300,0.082800,7,0.500000,5.841400,0.417200,5,0.077000,0.071300,0.063000,0.060700,0.013600,0.059700,0.014600,7.865500,0.032300,0.032700,-0.000500,0.012900,4.361900,0.311600,0.076300,3.447600,4.361900,0.311600,14.472300,0.599500,0.563400,61,42,0.000000,5,5.690600,5,50,0.752500,7.999800,58,0.431300,0.266300,648,58,1.233400,1.591100,16,20,20
000000039,0.008900,0.494300,0.082100,7,0.500000,5.849900,0.417900,5,0.076400,0.070700,0.062300,0.060000,0.013400,0.058900,0.014400,7.785400,0.032300,0.032800,-0.000500,0.012800,4.389100,0.313500,0.076300,3.466200,4.389100,0.313500,14.365800,0.599500,0.563400,62,42,0.000000,5,5.690600,5,50,0.752500,7.999600,58,0.431500,0.270600,648,58,1.234100,1.593600,16,20,20
000000040,0.009000,0.494300,0.081900,7,0.500000,5.853900,0.418100,5,0.076100,0.070400,0.062000,0.059700,0.013300,0.058700,0.014300,7.752200,0.031600,0.032100,-0.000500,0.012700,4.394800,0.313900,0.076300,3.469200,4.394800,0.313900,14.316200,0.599500,0.563400,62,42,0.000000,5,6.386300,5,50,0.752700,7.999400,58,0.431500,0.267400,656,58,1.234300,1.593800,16,20,20
000000041,0.009000,0.494300,0.081900,7,0.500000,5.853900,0.418100,5,0.076100,0.070400,0.062000,0.059700,0.013300,0.058700,0.014300,7.752200,0.031600,0.032100,-0.000500,0.012700,4.394800,0.313900,0.076300,3.469200,4.394800,0.313900,14.316200,0.599500,0.563400,62,42,0.000000,5,6.386300,5,50,0.752700,7.999400,58,0.431500,0.267400,656,58,1.234300,1.593800,16,20,20
000000042,0.009000,0.494300,0.081900,7,0.500000,5.853900,0.418100,5,0.076100,0.070400,0.062000,0.059700,0.013300,0.058700,0.014300,7.752200,0.031600,0.032100,-0.000500,0.012700,4.394800,0.313900,0.076300,3.469200,4.394800,0.313900,14.316200,0.599500,0.563400,62,42,0.000000,5,6.386300,5,50,0.752700,7.999400,58,0.431500,0.267400,656,58,1.234300,1.593800,16,20,20
000000043,0.009000,0.494300,0.081900,7,0.500000,5.853900,0.418100,5,0.076100,0.070400,0.062000,0.059700,0.013300,0.058700,0.014300,7.752200,0.031600,0.032100,-0.000500,0.012700,4.394800,0.313900,0.076300,3.469200,4.394800,0.313900,14.316200,0.599500,0.563400,62,42,0.000000,5,6.386300,5,50,0.752700,7.999400,58,0.431500,0.267400,656,58,1.234300,1.593800,16,20,20
000000044,0.009600,0.494300,0.086600,7,0.500000,5.788300,0.413400,5,0.080800,0.075100,0.066600,0.064000,0.013900,0.062900,0.015000,8.250100,0.031600,0.032000,-0.000400,0.013700,4.422300,0.315900,0.076400,3.482400,4.422300,0.315900,15.135700,0.599500,0.563600,60,42,0.000000,5,6.385900,5,50,0.659300,8.210200,56,0.428600,0.264200,660,56,1.235100,1.595800,16,20,19
000000045,0.009700,0.494300,0.088400,7,0.500000,5.762900,0.411600,5,0.082600,0.076900,0.068700,0.066100,0.014400,0.065000,0.015700,8.531300,0.033900,0.034400,-0.000500,0.014400,4.349300,0.310700,0.076300,3.434300,4.349300,0.310700,15.452300,0.599500,0.563400,59,41,0.000000,5,6.385900,5,50,0.659400,8.427100,56,0.427500,0.264700,661,56,1.235600,1.598200,16,20,19
000000046,0.009700,0.494300,0.075200,7,0.500000,5.947400,0.424800,5,0.069500,0.063700,0.057800,0.055000,0.013000,0.053700,0.012300,6.970500,0.033900,0.034500,-0.000600,0.011100,3.801100,0.271500,0.076400,3.037500,3.801100,0.271500,13.148200,0.599800,0.563400,65,36,0.000000,5,6.383600,5,50,0.658700,8.424800,56,0.435100,0.270900,667,58,1.234800,1.599400,16,20,19
000000047,0.009700,0.494300,0.075200,7,0.500000,5.947200,0.424800,5,0.069500,0.063800,0.057900,0.055000,0.013000,0.053800,0.012400,6.994300,0.033900,0.034600,-0.000600,0.011100,3.791200,0.270800,0.076500,3.029200,3.791200,0.270800,13.151200,0.600000,0.563400,65,36,0.000000,5,6.383500,5,50,0.658700,8.426400,56,0.434900,0.274300,666,59,1.233800,1.579800,15,19,22
000000048,0.009500,0.494300,0.024400,7,0.500000,6.657800,0.475600,6,0.018700,0.013000,0.011100,0.009400,0.003300,0.008500,0.009000,1.496600,0.024500,0.025400,-0.000900,-0.001200,2.848500,0.203500,0.091800,2.342000,2.848500,0.203500,4.274700,0.601500,0.584600,91,27,0.000000,5,6.686900,5,50,0.855500,8.406900,58,0.426000,0.283600,662,58,1.235500,1.585900,16,19,20
000000049,0.009500,0.494300,0.075100,7,0.500000,5.948800,0.424900,5,0.069400,0.063700,0.058700,0.056500,0.014600,0.055500,0.013100,8.827000,0.028500,0.028700,-0.000200,0.015900,3.631700,0.259400,0.094400,2.863800,3.631700,0.259400,13.131000,0.624500,0.577700,65,35,0.000000,5,5.819700,5,50,0.850500,8.198700,58,0.416500,0.273300,653,55,1.228400,1.574900,16,19,22
000000050,0.009500,0.494300,0.075200,7,0.500000,5.947300,0.424800,5,0.069500,0.063800,0.058800,0.056600,0.014700,0.055600,0.013100,8.826400,0.028500,0.028700,-0.000100,0.015900,3.625700,0.259000,0.094500,2.859100,3.625700,0.259000,13.149100,0.624500,0.577800,65,35,0.000000,5,5.819700,5,50,0.854300,8.204400,58,0.423000,0.275200,647,56,1.225000,1.546600,15,17,26
000000051,0.009500,0.494300,0.075400,7,0.500000,5.944000,0.424600,5,0.069700,0.064000,0.059200,0.056900,0.014900,0.056000,0.013200,8.858200,0.028500,0.028600,-0.000100,0.015900,3.604200,0.257400,0.094700,2.841900,3.604200,0.257400,13.190500,0.624600,0.578000,65,34,0.000000,5,5.835000,5,50,0.854400,8.196400,58,0.420100,0.274000,654,56,1.225600,1.547900,15,17,26
000000052,0.009500,0.494300,0.080700,7,0.500000,5.870600,0.419300,5,0.075000,0.069200,0.065000,0.062600,0.016300,0.061600,0.014800,9.696800,0.033200,0.033300,-0.000200,0.018000,3.455500,0.246800,0.094600,2.745500,3.455500,0.246800,14.107800,0.624600,0.577900,63,33,0.000000,5,5.835000,5,50,0.853500,8.189200,58,0.436100,0.267000,661,58,1.231300,1.584300,16,18,21
000000053,0.009500,0.494300,0.080600,7,0.500000,5.871600,0.419400,5,0.074900,0.069200,0.064900,0.062500,0.016300,0.061500,0.014700,9.634900,0.033100,0.033200,-0.000100,0.017700,3.460100,0.247100,0.094500,2.749800,3.460100,0.247100,14.095100,0.624300,0.577900,63,33,0.000000,5,5.834900,5,50,0.839600,8.197800,58,0.433500,0.270500,654,58,1.231200,1.584200,16,18,21
000000054,0.009500,0.494300,0.080600,7,0.500000,5.871600,0.419400,5,0.074900,0.069200,0.064900,0.062500,0.016300,0.061500,0.014700,9.634900,0.033100,0.033200,-0.000100,0.017700,3.460100,0.247100,0.094500,2.749800,3.460100,0.247100,14.095100,0.624300,0.577900,63,33,0.000000,5,5.834900,5,50,0.839600,8.197800,58,0.433500,0.270500,654,58,1.231200,1.584200,16,18,21
000000055,0.009400,0.494300,0.081400,7,0.500000,5.861100,0.418600,5,0.075600,0.069900,0.065800,0.063400,0.016600,0.062400,0.015100,9.762500,0.033100,0.033200,-0.000100,0.018100,3.426400,0.244700,0.094500,2.726900,3.426400,0.244700,14.226300,0.624300,0.577800,62,33,0.000000,5,5.834900,5,50,0.839600,8.197800,58,0.430600,0.266400,662,57,1.229700,1.573200,16,18,23
000000056,0.009400,0.494300,0.081400,7,0.500000,5.859800,0.418600,5,0.075700,0.070000,0.065900,0.063500,0.016600,0.062500,0.015100,9.769800,0.033100,0.033100,-0.000100,0.018100,3.422000,0.244400,0.094500,2.723700,3.422000,0.244400,14.242900,0.624300,0.577900,62,33,0.000000,5,5.834900,5,50,0.855700,8.194800,58,0.425700,0.274400,643,57,1.225700,1.564800,16,18,24
000000057,0.009400,0.494300,0.081400,7,0.500000,5.859800,0.418600,5,0.075700,0.070000,0.065900,0.063500,0.016600,0.062500,0.015100,9.769800,0.033100,0.033100,-0.000100,0.018100,3.422000,0.244400,0.094500,2.723700,3.422000,0.244400,14.242900,0.624300,0.577900,62,33,0.000000,5,5.834900,5,50,0.855700,8.194800,58,0.425700,0.274400,643,57,1.225700,1.564800,16,18,24
000000058,0.009400,0.494300,0.086200,7,0.500000,5.793500,0.413800,5,0.080500,0.074700,0.071300,0.068900,0.018200,0.067900,0.016700,10.755000,0.038400,0.038500,-0.000100,0.020700,3.236900,0.231200,0.096100,2.594700,3.236900,0.231200,15.070300,0.626700,0.579100,60,31,0.000000,5,5.835700,5,50,0.978300,8.052400,60,0.422600,0.268100,656,56,1.225700,1.564800,16,18,24
000000059,0.009400,0.494300,0.089000,7,0.500000,5.754700,0.411000,5,0.083200,0.077500,0.074600,0.072200,0.019300,0.071100,0.017600,11.164400,0.042200,0.042200,0.000000,0.021500,3.120000,0.222900,0.096300,2.516600,3.120000,0.222900,15.555700,0.626700,0.579300,58,30,0.000000,5,5.835700,5,50,0.978300,7.899600,60,0.404100,0.266800,668,52,1.226600,1.566700,16,18,24
000000060,0.009400,0.494300,0.095300,7,0.500000,5.665300,0.404700,5,0.089600,0.083900,0.082300,0.080200,0.022800,0.079200,0.021500,12.215000,0.043200,0.043000,0.000200,0.023900,2.805100,0.200400,0.096500,2.284300,2.805100,0.200400,16.672000,0.626700,0.579700,55,27,0.000000,5,5.835700,5,50,0.978200,7.667500,60,0.395600,0.265400,662,50,1.226500,1.566400,16,18,24
000000061,0.009400,0.494300,0.095300,7,0.500000,5.665300,0.404700,5,0.089600,0.083900,0.082300,0.080200,0.022800,0.079200,0.021500,12.215000,0.043200,0.043000,0.000200,0.023900,2.805100,0.200400,0.096500,2.284300,2.805100,0.200400,16.672000,0.626700,0.579700,55,27,0.000000,5,5.835700,5,50,0.978200,7.667500,60,0.395600,0.265400,662,50,1.226500,1.566400,16,18,24
000000062,0.009400,0.494300,0.095300,7,0.500000,5.665300,0.404700,5,0.089600,0.083900,0.082300,0.080200,0.022800,0.079200,0.021500,12.215000,0.043200,0.043000,0.000200,0.023900,2.805100,0.200400,0.096500,2.284300,2.805100,0.200400,16.672000,0.626700,0.579700,55,27,0.000000,5,5.835700,5,50,0.978200,7.667500,60,0.395600,0.265400,662,50,1.226500,1.566400,16,18,24
000000063,0.008100,0.494300,0.097000,7,0.500000,5.641900,0.403000,5,0.091300,0.085600,0.084200,0.082200,0.023500,0.081200,0.022300,12.508700,0.045600,0.045400,0.000200,0.024600,2.733100,0.195200,0.096400,2.236000,2.733100,0.195200,16.964500,0.626700,0.579600,54,26,0.000000,5,5.835700,5,50,0.978200,7.652300,60,0.398500,0.269800,664,50,1.229700,1.578800,16,18,22
000000064,0.008100,0.494300,0.097000,7,0.500000,5.641900,0.403000,5,0.091300,0.085600,0.084200,0.082200,0.023500,0.081200,0.022300,12.508700,0.045600,0.045400,0.000200,0.024600,2.733100,0.195200,0.096400,2.236000,2.733100,0.195200,16.964500,0.626700,0.579600,54,26,0.000000,5,5.835700,5,50,0.978200,7.652300,60,0.398500,0.269800,664,50,1.229700,1.578800,16,18,22
000000065,0.008100,0.494300,0.091600,7,0.500000,5.717400,0.408400,5,0.085900,0.080200,0.077600,0.075400,0.020500,0.074300,0.018300,10.599500,0.044600,0.043500,0.001100,0.018700,3.014900,0.215400,0.091700,2.452200,3.014900,0.215400,16.021500,0.618900,0.576600,57,29,0.000000,5,6.732300,5,50,0.877100,8.218500,59,0.406800,0.275300,651,54,1.229500,1.578600,16,18,22
000000066,0.008200,0.494300,0.091500,7,0.500000,5.719400,0.408500,5,0.085800,0.080000,0.077400,0.075200,0.020400,0.074100,0.018200,10.555400,0.044600,0.043500,0.001000,0.018600,3.022800,0.215900,0.091400,2.458800,3.022800,0.215900,15.996100,0.618600,0.576400,57,29,0.000000,5,6.732400,5,50,0.877100,8.217600,59,0.406900,0.273600,653,53,1.229500,1.578500,16,18,22
000000067,0.008200,0.494300,0.094000,7,0.500000,5.684000,0.406000,5,0.088300,0.082600,0.079300,0.077200,0.020600,0.076200,0.019500,10.820200,0.044600,0.043300,0.001200,0.019000,3.150700,0.225000,0.091300,2.577200,3.150700,0.225000,16.438600,0.618100,0.576400,56,30,0.000000,5,6.718000,5,50,0.877200,8.203100,59,0.415600,0.277400,649,55,1.229400,1.578500,16,18,22
000000068,0.009200,0.494300,0.089900,7,0.500000,5.741200,0.410100,5,0.084200,0.078500,0.074500,0.072500,0.019100,0.071500,0.017500,10.103200,0.039200,0.037800,0.001400,0.017100,3.319000,0.237100,0.091500,2.688900,3.319000,0.237100,15.723300,0.618100,0.576700,58,32,0.000000,5,6.718000,5,50,0.877000,7.996100,59,0.415000,0.266200,649,54,1.228200,1.575200,16,18,22
000000069,0.009200,0.494300,0.089900,7,0.500000,5.741200,0.410100,5,0.084200,0.078500,0.074500,0.072500,0.019100,0.071500,0.017500,10.103200,0.039200,0.037800,0.001400,0.017100,3.319000,0.237100,0.091500,2.688900,3.319000,0.237100,15.723300,0.618100,0.576700,58,32,0.000000,5,6.718000,5,50,0.877000,7.996100,59,0.415000,0.266200,649,54,1.228200,1.575200,16,18,22
000000070,0.009200,0.494300,0.095000,7,0.500000,5.670400,0.405000,5,0.089300,0.083500,0.080700,0.078800,0.021700,0.077900,0.021000,11.789500,0.040200,0.039500,0.000700,0.022200,3.055100,0.218200,0.095600,2.487300,3.055100,0.218200,16.608400,0.624800,0.579400,55,29,0.000000,5,5.821300,5,50,0.941900,7.539700,60,0.407000,0.259300,667,52,1.228400,1.575400,16,18,22
000000071,0.009300,0.494300,0.081200,7,0.500000,5.863900,0.418800,5,0.075400,0.069700,0.064500,0.062300,0.015900,0.061300,0.014400,9.584200,0.030200,0.029800,0.000400,0.017200,3.653100,0.260900,0.095300,2.904100,3.653100,0.260900,14.191200,0.624800,0.578900,62,35,0.000000,5,5.821300,5,50,0.942300,7.910100,60,0.418000,0.265400,651,54,1.224500,1.579800,17,19,22
000000072,0.009300,0.494300,0.081800,7,0.500000,5.855100,0.418200,5,0.076100,0.070300,0.065300,0.063100,0.016100,0.062100,0.014800,9.708100,0.030200,0.029800,0.000300,0.017600,3.624200,0.258900,0.095200,2.884200,3.624200,0.258900,14.301300,0.624800,0.578800,62,35,0.000000,5,5.821300,5,50,0.942300,7.910100,60,0.409500,0.265000,641,52,1.225400,1.588300,17,19,22
000000073,0.009200,0.494300,0.025900,7,0.500000,6.637700,0.474100,6,0.020200,0.014400,0.011800,0.010300,0.003500,0.009500,0.008700,1.516900,0.021500,0.022000,-0.000500,-0.001500,2.986900,0.213300,0.091400,2.454900,2.986900,0.213300,4.525000,0.600600,0.584600,90,28,0.000000,5,6.614900,5,50,0.943300,8.202200,60,0.407900,0.267200,651,52,1.232600,1.597100,17,19,20
000000074,0.009200,0.494300,0.030300,7,0.500000,6.575200,0.469700,6,0.024600,0.018900,0.014800,0.013800,0.004400,0.013100,0.004900,1.530800,0.021500,0.021400,0.000100,-0.002100,3.222300,0.230200,0.083600,2.710600,3.222300,0.230200,5.306700,0.590800,0.578200,88,31,0.000000,5,6.567000,5,50,0.658400,8.264300,56,0.412000,0.270100,651,54,1.238600,1.601500,16,19,18
000000075,0.009200,0.494300,0.030300,7,0.500000,6.575200,0.469700,6,0.024600,0.018900,0.014800,0.013800,0.004400,0.013100,0.004900,1.530800,0.021500,0.021400,0.000100,-0.002100,3.222300,0.230200,0.083600,2.710600,3.222300,0.230200,5.306700,0.590800,0.578200,88,31,0.000000,5,6.567000,5,50,0.658400,8.264300,56,0.412000,0.270100,651,54,1.238600,1.601500,16,19,18
000000076,0.009400,0.494300,0.040800,7,0.500000,6.428700,0.459200,6,0.035100,0.029400,0.027300,0.026600,0.009600,0.026000,0.007200,3.704800,0.027900,0.028500,-0.000600,0.003900,2.738200,0.195600,0.091100,2.364300,2.738200,0.195600,7.136600,0.600400,0.584200,82,26,0.000000,5,6.567100,5,50,0.993900,8.063200,60,0.412600,0.270400,657,54,1.235700,1.599300,16,19,19
000000077,0.009400,0.494300,0.039900,7,0.500000,6.441300,0.460100,6,0.034200,0.028500,0.026200,0.025400,0.008900,0.024700,0.006900,3.664100,0.027900,0.028800,-0.000900,0.004100,2.786700,0.199000,0.090900,2.404200,2.786700,0.199000,6.978700,0.600400,0.583700,83,27,0.000000,5,6.567100,5,50,0.993900,8.215500,60,0.402800,0.275300,635,52,1.233500,1.596700,16,19,20
000000078,0.009400,0.494300,0.039900,7,0.500000,6.441300,0.460100,6,0.034200,0.028500,0.026200,0.025400,0.008900,0.024700,0.006900,3.664100,0.027900,0.028800,-0.000900,0.004100,2.786700,0.199000,0.090900,2.404200,2.786700,0.199000,6.978700,0.600400,0.583700,83,27,0.000000,5,6.567100,5,50,0.993900,8.215500,60,0.402800,0.275300,635,52,1.233500,1.596700,16,19,20
000000079,0.009400,0.494300,0.039600,7,0.500000,6.445300,0.460400,6,0.033900,0.028200,0.025700,0.024900,0.008700,0.024200,0.006800,3.623600,0.026800,0.027800,-0.000900,0.004000,2.832500,0.202300,0.090600,2.437900,2.832500,0.202300,6.928800,0.600100,0.583500,83,27,0.000000,5,6.567000,5,50,0.977200,8.220800,60,0.389100,0.267500,650,49,1.232300,1.580900,15,18,22
000000080,0.009400,0.494300,0.041200,7,0.500000,6.423200,0.458800,6,0.035500,0.029800,0.026900,0.026200,0.009000,0.025600,0.007200,3.833000,0.026800,0.027800,-0.000900,0.004500,2.906400,0.207600,0.090600,2.492600,2.906400,0.207600,7.205200,0.600100,0.583500,82,28,0.000000,5,6.566800,5,50,0.975900,8.220600,60,0.396400,0.280200,638,52,1.231400,1.562700,14,17,24
000000081,0.009500,0.494300,0.074200,7,0.500000,5.961600,0.425800,5,0.068500,0.062700,0.057500,0.056200,0.015500,0.055500,0.015800,8.365300,0.026800,0.027100,-0.000200,0.014700,3.647400,0.260500,0.090300,2.915100,3.647400,0.260500,12.971000,0.618700,0.574500,66,35,0.000000,5,6.596000,5,50,0.976600,8.249700,60,0.386200,0.277400,629,49,1.231300,1.540700,14,17,26
000000082,0.009500,0.494300,0.074400,7,0.500000,5.958600,0.425600,5,0.068700,0.063000,0.057800,0.056500,0.015700,0.055800,0.015700,8.277000,0.026800,0.026800,0.000100,0.014100,3.635900,0.259700,0.090300,2.905900,3.635900,0.259700,13.008600,0.618300,0.574700,66,35,0.000000,5,6.596000,5,50,1.040300,8.240900,60,0.388800,0.278200,625,50,1.231200,1.540500,14,17,26
000000083,0.009500,0.494300,0.074500,7,0.500000,5.957100,0.425500,5,0.068800,0.063100,0.057900,0.056600,0.015800,0.055900,0.015800,8.319300,0.026800,0.026800,0.000100,0.014300,3.630500,0.259300,0.090400,2.901600,3.630500,0.259300,13.026700,0.618500,0.574800,66,35,0.000000,5,6.596000,5,50,1.021700,8.190400,60,0.388600,0.276200,628,50,1.230900,1.540000,14,17,26
000000084,0.009500,0.494300,0.105900,7,0.500000,5.517500,0.394100,4,0.100200,0.094500,0.086700,0.084500,0.019000,0.083500,0.022900,12.160400,0.026800,0.027100,-0.000200,0.022900,4.392800,0.313800,0.082400,3.355100,4.392800,0.313800,18.517600,0.634600,0.561600,50,42,0.000000,5,6.553800,5,50,1.009200,8.225100,60,0.394800,0.277800,629,51,1.225000,1.560100,15,17,25
000000085,0.009500,0.494300,0.105900,7,0.500000,5.517500,0.394100,4,0.100200,0.094500,0.086700,0.084500,0.019000,0.083500,0.022900,12.160400,0.026800,0.027100,-0.000200,0.022900,4.392800,0.313800,0.082400,3.355100,4.392800,0.313800,18.517600,0.634600,0.561600,50,42,0.000000,5,6.553800,5,50,1.009200,8.225100,60,0.394800,0.277800,629,51,1.225000,1.560100,15,17,25
000000086,0.009500,0.494300,0.106000,7,0.500000,5.515400,0.394000,4,0.100300,0.094600,0.087000,0.084800,0.019100,0.083800,0.023000,12.208800,0.027500,0.027700,-0.000200,0.023100,4.361200,0.311500,0.082600,3.331800,4.361200,0.311500,18.543800,0.634900,0.561700,50,42,0.000000,5,6.553800,5,50,1.018400,8.223400,60,0.400900,0.290700,620,54,1.224900,1.559000,15,17,25
000000087,0.009500,0.494300,0.105700,7,0.500000,5.519700,0.394300,4,0.100000,0.094300,0.086600,0.084400,0.019000,0.083400,0.022900,12.182900,0.027500,0.027900,-0.000300,0.023100,4.377300,0.312700,0.082400,3.344600,4.377300,0.312700,18.490800,0.634700,0.561400,50,42,0.000000,5,6.553800,5,50,0.980900,8.240700,60,0.400700,0.294600,612,54,1.224900,1.559000,15,17,25
000000088,0.009400,0.494300,0.107100,7,0.500000,5.499900,0.392900,4,0.101400,0.095700,0.088000,0.085600,0.019000,0.084600,0.023000,12.363800,0.027500,0.027900,-0.000300,0.023500,4.396800,0.314100,0.082400,3.355400,4.396800,0.314100,18.737700,0.634700,0.561400,49,42,0.000000,5,6.537900,5,50,0.980700,8.252100,60,0.398200,0.295700,608,54,1.224900,1.559000,15,17,25
000000089,0.009400,0.494300,0.107400,7,0.500000,5.497000,0.392600,4,0.101600,0.095900,0.088100,0.085800,0.019000,0.084800,0.023200,12.356000,0.027500,0.027800,-0.000300,0.023400,4.408400,0.314900,0.082300,3.372800,4.408400,0.314900,18.774100,0.634500,0.561400,49,42,0.000000,5,6.537300,5,50,0.983500,8.251500,60,0.393000,0.300300,602,54,1.224900,1.559000,15,17,25
000000090,0.009400,0.494300,0.065300,7,0.500000,6.086100,0.434700,5,0.059600,0.053800,0.042400,0.040900,0.008900,0.040200,0.009300,4.800100,0.004600,0.004200,0.000400,0.004900,5.250100,0.375000,0.070900,4.009600,5.250100,0.375000,11.415600,0.590600,0.559900,70,50,0.000000,5,7.405700,5,50,0.815900,8.730000,58,0.369300,0.297700,608,48,1.233800,1.585100,15,17,21
000000091,0.009400,0.494300,0.065300,7,0.500000,6.086100,0.434700,5,0.059600,0.053800,0.042400,0.040900,0.008900,0.040200,0.009300,4.800100,0.004600,0.004200,0.000400,0.004900,5.250100,0.375000,0.070900,4.009600,5.250100,0.375000,11.415600,0.590600,0.559900,70,50,0.000000,5,7.405700,5,50,0.815900,8.730000,58,0.369300,0.297700,608,48,1.233800,1.585100,15,17,21
000000092,0.009400,0.494300,0.066000,7,0.500000,6.076100,0.434000,5,0.060300,0.054600,0.043400,0.042000,0.009400,0.041400,0.010300,5.281000,0.004600,0.004600,0.000100,0.006400,5.183600,0.370300,0.073000,3.942300,5.183600,0.370300,11.540000,0.594100,0.561300,70,49,0.000000,5,7.405700,5,50,0.880800,8.657100,59,0.362800,0.288500,606,46,1.230800,1.584900,15,17,22
000000093,0.009300,0.494300,0.062500,7,0.500000,6.124500,0.437500,6,0.056800,0.051100,0.040200,0.039000,0.008900,0.038400,0.009800,4.909300,0.004300,0.004300,0.000100,0.005600,5.129500,0.366400,0.073200,3.912600,5.129500,0.366400,10.936200,0.578600,0.569100,72,49,0.000000,5,7.460100,5,50,0.881600,8.608600,59,0.358100,0.283400,614,44,1.234700,1.592600,15,17,20
000000094,0.008900,0.494300,0.061100,7,0.500000,6.144800,0.438900,6,0.055400,0.049600,0.038700,0.037600,0.008600,0.037000,0.009600,4.754500,0.003000,0.002900,0.000100,0.005300,5.137900,0.367000,0.073100,3.917900,5.137900,0.367000,10.682300,0.578600,0.569100,72,49,0.000000,5,7.460300,5,50,0.894600,8.579000,59,0.360300,0.282200,620,45,1.234700,1.592600,15,17,20
000000095,0.008900,0.494300,0.061900,7,0.500000,6.132800,0.438100,6,0.056200,0.050500,0.040600,0.039500,0.009400,0.038900,0.010000,5.017100,0.003000,0.002900,0.000100,0.005800,4.893400,0.349500,0.074700,3.726900,4.893400,0.349500,10.831900,0.580300,0.570500,72,47,0.000000,5,7.461400,5,50,1.062800,8.484900,60,0.339100,0.262500,640,38,1.237700,1.614600,16,18,18
000000096,0.009100,0.494300,0.045400,7,0.500000,6.364100,0.454600,6,0.039700,0.034000,0.019100,0.018600,0.003900,0.018200,0.004200,1.983300,0.003000,0.002400,0.000600,-0.001800,6.022600,0.430200,0.065500,4.602100,6.022600,0.430200,7.942800,0.569000,0.562900,80,57,0.000000,5,8.252100,5,50,0.828200,9.097100,58,0.319900,0.254400,652,34,1.239600,1.617200,16,18,18
000000097,0.009100,0.494300,0.047500,7,0.500000,6.335500,0.452500,6,0.041700,0.036000,0.020400,0.020200,0.004100,0.019800,0.006100,2.281500,0.003000,0.002600,0.000400,-0.000900,6.132400,0.438000,0.065700,4.729300,6.132400,0.438000,8.300200,0.569500,0.562900,79,58,0.000000,5,7.478500,5,50,0.824000,8.985600,58,0.334900,0.244700,661,35,1.238900,1.616200,16,18,18
000000098,0.009100,0.494300,0.048600,7,0.500000,6.319000,0.451400,6,0.042900,0.037200,0.021600,0.021300,0.004300,0.020900,0.006300,2.392200,0.004100,0.003600,0.000500,-0.000700,6.126700,0.437600,0.065700,4.725700,6.126700,0.437600,8.506500,0.569500,0.562900,79,58,0.000000,5,7.478300,5,50,0.807400,9.024600,58,0.330000,0.241900,657,34,1.238900,1.616300,16,18,18
000000099,0.009100,0.494300,0.048600,7,0.500000,6.319000,0.451400,6,0.042900,0.037200,0.021600,0.021300,0.004300,0.020900,0.006300,2.392200,0.004100,0.003600,0.000500,-0.000700,6.126700,0.437600,0.065700,4.725700,6.126700,0.437600,8.506500,0.569500,0.562900,79,58,0.000000,5,7.478300,5,50,0.807400,9.024600,58,0.330000,0.241900,657,34,1.238900,1.616300,16,18,18
