map,estimated_vote_pct,pr_deviation,pr_seats,pr_pct,estimated_seats,estimated_seat_pct,fptp_seats,disproportionality,efficiency_gap,gamma,seats_bias,votes_bias,geometric_seats_bias,global_symmetry,declination,mean_median_statewide,mean_median_average_district,turnout_bias,lopsided_outcomes,competitive_districts,competitive_district_pct,average_margin,responsiveness,responsive_districts,responsive_district_pct,overall_responsiveness,avg_dem_win_pct,avg_rep_win_pct,proportionality,competitiveness
official-proxy,0.494300,0.017700,7,0.500000,6.752500,0.482300,7,0.012000,0.006300,0.002800,0.002900,0.001100,0.002600,0.001200,0.192100,0.007400,0.007000,0.000400,-0.005600,3.166200,0.226200,0.097000,2.625000,3.166200,0.226200,3.119000,0.590900,0.603000,94,30
000000000,0.494300,0.131000,7,0.500000,5.166400,0.369000,4,0.125300,0.119600,0.114800,0.111300,0.024200,0.110000,0.027900,16.170200,0.033200,0.032200,0.001000,0.031100,3.765100,0.268900,0.086600,2.859800,3.765100,0.268900,23.109800,0.639900,0.565300,37,36
000000001,0.494300,0.125800,7,0.500000,5.239300,0.374200,4,0.120100,0.114400,0.108800,0.105400,0.022700,0.104100,0.025700,14.783100,0.031700,0.030500,0.001200,0.027500,3.969000,0.283500,0.084500,2.993800,3.969000,0.283500,22.190800,0.635900,0.564000,40,38
000000002,0.494300,0.124600,7,0.500000,5.255200,0.375400,4,0.119000,0.113300,0.107400,0.103800,0.021800,0.102500,0.024700,14.647900,0.031700,0.030800,0.000900,0.027400,4.030400,0.287900,0.084300,3.045600,4.030400,0.287900,21.990800,0.635900,0.563600,41,38
000000003,0.494300,0.127300,7,0.500000,5.217500,0.372700,4,0.121700,0.116000,0.109900,0.106200,0.022000,0.104800,0.025100,14.978100,0.030300,0.029300,0.001000,0.028000,4.073800,0.291000,0.084400,3.066600,4.073800,0.291000,22.465200,0.635900,0.563700,39,39
000000004,0.494300,0.126500,7,0.500000,5.229400,0.373500,4,0.120800,0.115100,0.108900,0.105200,0.021800,0.103800,0.024800,14.757300,0.030300,0.029200,0.001100,0.027400,4.113700,0.293800,0.084000,3.098800,4.113700,0.293800,22.315500,0.635200,0.563600,40,39
000000005,0.494300,0.126500,7,0.500000,5.228800,0.373500,4,0.120800,0.115200,0.109000,0.105300,0.021800,0.103900,0.024800,14.764000,0.030300,0.029200,0.001100,0.027400,4.111600,0.293700,0.084000,3.097400,4.111600,0.293700,22.323700,0.635200,0.563600,40,39
000000006,0.494300,0.126900,7,0.500000,5.223500,0.373100,4,0.121200,0.115600,0.109400,0.105800,0.022100,0.104500,0.025200,14.793400,0.030300,0.029100,0.001300,0.027300,4.091100,0.292200,0.084200,3.079200,4.091100,0.292200,22.389900,0.635200,0.563800,39,39
000000007,0.494300,0.128800,7,0.500000,5.197400,0.371200,4,0.123100,0.117400,0.111700,0.107900,0.022500,0.106500,0.025600,15.229300,0.030300,0.029100,0.001200,0.028400,4.011700,0.286500,0.084800,3.016900,4.011700,0.286500,22.719100,0.636300,0.564200,38,38
000000008,0.494300,0.121400,7,0.500000,5.299800,0.378600,4,0.115800,0.110100,0.102400,0.098400,0.019200,0.096900,0.021200,12.469100,0.030300,0.028900,0.001400,0.021200,4.430500,0.316500,0.077500,3.354800,4.430500,0.316500,21.428600,0.623300,0.559200,42,42
000000009,0.494300,0.120300,7,0.500000,5.315700,0.379700,4,0.114600,0.109000,0.101200,0.097200,0.019000,0.095700,0.020900,12.309200,0.028700,0.027400,0.001400,0.020900,4.461400,0.318700,0.077500,3.372100,4.461400,0.318700,21.228400,0.623300,0.559200,43,42
000000010,0.494300,0.120200,7,0.500000,5.317800,0.379800,4,0.114500,0.108800,0.101000,0.097100,0.019000,0.095600,0.020900,12.289500,0.028700,0.027400,0.001400,0.020900,4.464600,0.318900,0.077500,3.373800,4.464600,0.318900,21.201400,0.623300,0.559200,43,43
000000011,0.494300,0.122300,7,0.500000,5.287700,0.377700,4,0.116600,0.111000,0.103300,0.099200,0.019200,0.097700,0.021300,12.587100,0.028700,0.027400,0.001400,0.021500,4.418700,0.315600,0.077500,3.348600,4.418700,0.315600,21.580600,0.623300,0.559200,42,42
000000012,0.494300,0.122400,7,0.500000,5.287000,0.377600,4,0.116700,0.111000,0.103400,0.099300,0.019300,0.097800,0.021400,12.609800,0.028700,0.027400,0.001300,0.021600,4.416600,0.315500,0.077500,3.347100,4.416600,0.315500,21.589200,0.623300,0.559100,42,42
000000013,0.494300,0.097600,7,0.500000,5.634200,0.402400,5,0.091900,0.086200,0.076000,0.073100,0.014600,0.071900,0.015700,8.443600,0.026000,0.024900,0.001100,0.012400,4.951100,0.353600,0.072500,3.805600,4.951100,0.353600,17.214200,0.592000,0.561700,54,47
000000014,0.494300,0.090500,7,0.500000,5.733500,0.409500,5,0.084800,0.079100,0.069100,0.066700,0.013900,0.065700,0.014800,7.721300,0.026500,0.025400,0.001000,0.010900,4.879700,0.348500,0.072400,3.766900,4.879700,0.348500,15.962200,0.592000,0.561500,58,46
000000015,0.494300,0.100200,7,0.500000,5.596800,0.399800,4,0.094600,0.088900,0.078500,0.075500,0.014800,0.074200,0.016300,8.754100,0.026500,0.025500,0.001000,0.013200,5.002400,0.357300,0.071400,3.831900,5.002400,0.357300,17.684900,0.613300,0.554600,53,48
000000016,0.494300,0.100400,7,0.500000,5.593800,0.399600,4,0.094800,0.089100,0.078800,0.075700,0.014900,0.074500,0.016300,8.772600,0.026500,0.025500,0.001000,0.013200,4.992700,0.356600,0.071400,3.825300,4.992700,0.356600,17.723200,0.613300,0.554700,53,48
000000017,0.494300,0.101800,7,0.500000,5.574800,0.398200,4,0.096100,0.090500,0.080100,0.077000,0.015000,0.075700,0.016500,8.913600,0.026500,0.025400,0.001000,0.013400,4.994800,0.356800,0.071400,3.826100,4.994800,0.356800,17.962000,0.613300,0.554700,52,48
000000018,0.494300,0.102200,7,0.500000,5.569700,0.397800,4,0.096500,0.090800,0.080400,0.077300,0.015000,0.076000,0.016500,8.812400,0.026500,0.025200,0.001300,0.013000,5.014200,0.358200,0.071200,3.847800,5.014200,0.358200,18.026100,0.612500,0.554700,52,48
000000019,0.494300,0.102000,7,0.500000,5.571500,0.398000,4,0.096400,0.090700,0.080200,0.077100,0.015000,0.075900,0.016500,8.796000,0.026500,0.025200,0.001200,0.012900,5.019500,0.358500,0.071200,3.851000,5.019500,0.358500,18.003600,0.612500,0.554700,52,48
000000020,0.494300,0.102200,7,0.500000,5.568700,0.397800,4,0.096600,0.090900,0.080400,0.077300,0.015000,0.076000,0.016500,8.815400,0.025900,0.024600,0.001200,0.013000,5.027200,0.359100,0.071200,3.855300,5.027200,0.359100,18.039400,0.612500,0.554700,52,48
000000021,0.494300,0.102000,7,0.500000,5.572400,0.398000,4,0.096300,0.090600,0.080100,0.077000,0.014900,0.075700,0.016500,8.810200,0.025900,0.024700,0.001100,0.013100,5.039000,0.359900,0.071100,3.863300,5.039000,0.359900,17.992900,0.612500,0.554500,52,48
000000022,0.494300,0.099700,7,0.500000,5.604500,0.400300,4,0.094000,0.088300,0.078500,0.075200,0.014800,0.073900,0.015100,8.360100,0.025900,0.024400,0.001500,0.011700,4.917200,0.351200,0.070800,3.729200,4.917200,0.351200,17.588500,0.611400,0.554500,53,47
000000023,0.494300,0.100100,7,0.500000,5.598400,0.399900,4,0.094400,0.088800,0.079100,0.075700,0.014900,0.074400,0.015100,8.386100,0.025900,0.024300,0.001600,0.011700,4.897800,0.349800,0.070900,3.716000,4.897800,0.349800,17.664900,0.611400,0.554700,53,47
000000024,0.494300,0.107500,7,0.500000,5.495700,0.392500,4,0.101800,0.096100,0.087200,0.083600,0.016400,0.082200,0.017000,9.639500,0.026400,0.024800,0.001600,0.014600,4.697800,0.335600,0.072700,3.565600,4.697800,0.335600,18.959800,0.614600,0.556000,49,45
000000025,0.494300,0.110200,7,0.500000,5.457600,0.389800,4,0.104500,0.098800,0.090100,0.086300,0.016700,0.084800,0.017500,9.997600,0.030200,0.028700,0.001500,0.015400,4.645300,0.331800,0.072600,3.539600,4.645300,0.331800,19.439000,0.614600,0.555900,48,44
000000026,0.494300,0.111500,7,0.500000,5.438400,0.388500,4,0.105900,0.100200,0.091700,0.088000,0.017200,0.086500,0.018300,10.456500,0.030200,0.028800,0.001300,0.016700,4.579200,0.327100,0.073600,3.492900,4.579200,0.327100,19.681800,0.616600,0.556400,47,44
000000027,0.494300,0.110700,7,0.500000,5.450100,0.389300,4,0.105000,0.099400,0.090800,0.087000,0.017000,0.085600,0.018200,10.384700,0.029500,0.028400,0.001200,0.016700,4.611200,0.329400,0.073500,3.514400,4.611200,0.329400,19.533900,0.616600,0.556200,47,44
000000028,0.494300,0.111400,7,0.500000,5.440100,0.388600,4,0.105800,0.100100,0.091600,0.087900,0.017200,0.086500,0.018500,10.482800,0.029500,0.028300,0.001200,0.016800,4.576700,0.326900,0.073500,3.489900,4.576700,0.326900,19.660400,0.616600,0.556200,47,44
000000029,0.494300,0.064500,7,0.500000,6.097600,0.435500,5,0.058800,0.053100,0.047800,0.045400,0.011700,0.044400,0.007900,5.603700,0.029500,0.028200,0.001300,0.006300,3.737300,0.266900,0.084000,2.944100,3.737300,0.266900,11.373300,0.607700,0.570800,71,36
000000030,0.494300,0.075100,7,0.500000,5.948900,0.424900,5,0.069400,0.063700,0.060600,0.058400,0.016200,0.057400,0.013200,8.318200,0.035700,0.035400,0.000400,0.014000,3.209800,0.229300,0.090800,2.548400,3.209800,0.229300,13.247900,0.618600,0.575300,65,31
000000031,0.494300,0.075100,7,0.500000,5.948900,0.424900,5,0.069400,0.063700,0.060600,0.058400,0.016200,0.057400,0.013200,8.318200,0.035700,0.035400,0.000400,0.014000,3.209800,0.229300,0.090800,2.548400,3.209800,0.229300,13.247900,0.618600,0.575300,65,31
000000032,0.494300,0.075100,7,0.500000,5.948600,0.424900,5,0.069400,0.063800,0.060700,0.058400,0.016200,0.057400,0.013200,8.320500,0.035700,0.035400,0.000400,0.014000,3.208600,0.229200,0.090800,2.547400,3.208600,0.229200,13.251800,0.618600,0.575300,65,31
000000033,0.494300,0.066900,7,0.500000,6.063200,0.433100,5,0.061300,0.055600,0.050500,0.048800,0.013200,0.047900,0.011300,6.805800,0.025900,0.025500,0.000400,0.010200,3.663700,0.261700,0.088000,2.894500,3.663700,0.261700,11.807500,0.614600,0.573100,69,35
000000034,0.494300,0.067000,7,0.500000,6.061700,0.433000,5,0.061400,0.055700,0.050600,0.048800,0.013300,0.048000,0.011500,6.885000,0.025900,0.025700,0.000300,0.010600,3.669500,0.262100,0.088100,2.903300,3.669500,0.262100,11.825900,0.615000,0.573100,69,35
000000035,0.494300,0.036800,7,0.500000,6.485200,0.463200,6,0.031100,0.025400,0.020700,0.019900,0.006200,0.019300,0.005200,2.777600,0.021000,0.021400,-0.000400,0.001400,3.440700,0.245800,0.086600,2.839000,3.440700,0.245800,6.488400,0.594900,0.580400,84,33
000000036,0.494300,0.028400,7,0.500000,6.602400,0.471600,6,0.022700,0.017100,0.011200,0.010400,0.003100,0.009900,0.004700,1.746800,0.011600,0.012300,-0.000700,-0.000800,3.748700,0.267800,0.086300,3.040300,3.748700,0.267800,5.011100,0.594900,0.579900,89,36
000000037,0.494300,0.033900,7,0.500000,6.524800,0.466100,6,0.028300,0.022600,0.017400,0.016600,0.005100,0.016000,0.004800,2.363300,0.017300,0.017600,-0.000300,0.000300,3.557000,0.254100,0.086700,2.916000,3.557000,0.254100,5.989500,0.594900,0.580500,86,34
000000038,0.494300,0.082600,7,0.500000,5.843400,0.417400,5,0.076900,0.071300,0.063100,0.060800,0.013600,0.059700,0.014600,7.860600,0.032300,0.032800,-0.000500,0.013000,4.371200,0.312200,0.076200,3.450100,4.371200,0.312200,14.576800,0.599400,0.563300,62,42
000000039,0.494300,0.082000,7,0.500000,5.852000,0.418000,5,0.076300,0.070700,0.062300,0.060000,0.013400,0.059000,0.014400,7.780800,0.032300,0.032800,-0.000500,0.012800,4.398400,0.314200,0.076200,3.468500,4.398400,0.314200,14.469000,0.599400,0.563300,62,42
000000040,0.494300,0.081700,7,0.500000,5.856000,0.418300,5,0.076000,0.070400,0.062000,0.059700,0.013300,0.058700,0.014300,7.747400,0.031700,0.032200,-0.000500,0.012700,4.404100,0.314600,0.076200,3.471600,4.404100,0.314600,14.418400,0.599400,0.563300,62,42
000000041,0.494300,0.081700,7,0.500000,5.856000,0.418300,5,0.076000,0.070400,0.062000,0.059700,0.013300,0.058700,0.014300,7.747400,0.031700,0.032200,-0.000500,0.012700,4.404100,0.314600,0.076200,3.471600,4.404100,0.314600,14.418400,0.599400,0.563300,62,42
000000042,0.494300,0.081700,7,0.500000,5.856000,0.418300,5,0.076000,0.070400,0.062000,0.059700,0.013300,0.058700,0.014300,7.747400,0.031700,0.032200,-0.000500,0.012700,4.404100,0.314600,0.076200,3.471600,4.404100,0.314600,14.418400,0.599400,0.563300,62,42
000000043,0.494300,0.081700,7,0.500000,5.856000,0.418300,5,0.076000,0.070400,0.062000,0.059700,0.013300,0.058700,0.014300,7.747400,0.031700,0.032200,-0.000500,0.012700,4.404100,0.314600,0.076200,3.471600,4.404100,0.314600,14.418400,0.599400,0.563300,62,42
000000044,0.494300,0.086400,7,0.500000,5.790500,0.413600,5,0.080700,0.075100,0.066600,0.064000,0.013900,0.062900,0.015000,8.243700,0.031700,0.032000,-0.000400,0.013700,4.431400,0.316500,0.076300,3.484100,4.431400,0.316500,15.243500,0.599400,0.563500,60,42
000000045,0.494300,0.088200,7,0.500000,5.765500,0.411800,5,0.082500,0.076800,0.068700,0.066100,0.014400,0.065000,0.015700,8.521700,0.033900,0.034400,-0.000500,0.014400,4.359200,0.311400,0.076200,3.436500,4.359200,0.311400,15.559200,0.599400,0.563300,59,42
000000046,0.494300,0.075000,7,0.500000,5.950300,0.425000,5,0.069300,0.063600,0.057800,0.054900,0.013000,0.053700,0.012300,6.958600,0.033900,0.034500,-0.000600,0.011100,3.810000,0.272100,0.076300,3.038800,3.810000,0.272100,13.229400,0.599800,0.563300,65,36
000000047,0.494300,0.075000,7,0.500000,5.950100,0.425000,5,0.069300,0.063700,0.057800,0.055000,0.013000,0.053800,0.012400,6.982200,0.033900,0.034600,-0.000700,0.011200,3.800200,0.271400,0.076400,3.030500,3.800200,0.271400,13.232200,0.599900,0.563300,65,36
000000048,0.494300,0.024300,7,0.500000,6.659900,0.475700,6,0.018600,0.013000,0.011000,0.009300,0.003300,0.008500,0.009000,1.496600,0.024500,0.025400,-0.000900,-0.001100,2.855400,0.204000,0.091800,2.344300,2.855400,0.204000,4.286500,0.601500,0.584500,91,27
000000049,0.494300,0.075000,7,0.500000,5.950400,0.425000,5,0.069300,0.063600,0.058700,0.056500,0.014600,0.055500,0.013100,8.825800,0.028600,0.028800,-0.000200,0.016000,3.637700,0.259800,0.094300,2.864100,3.637700,0.259800,13.228300,0.624500,0.577600,65,35
000000050,0.494300,0.075100,7,0.500000,5.949200,0.424900,5,0.069400,0.063700,0.058900,0.056600,0.014700,0.055600,0.013100,8.823300,0.028600,0.028700,-0.000200,0.015900,3.632200,0.259400,0.094400,2.859700,3.632200,0.259400,13.244200,0.624500,0.577700,65,35
000000051,0.494300,0.075300,7,0.500000,5.945900,0.424700,5,0.069600,0.064000,0.059200,0.057000,0.014800,0.056000,0.013200,8.854300,0.028600,0.028700,-0.000100,0.016000,3.611100,0.257900,0.094600,2.842900,3.611100,0.257900,13.285500,0.624600,0.577900,65,34
000000052,0.494300,0.080500,7,0.500000,5.872800,0.419500,5,0.074800,0.069200,0.064900,0.062600,0.016300,0.061600,0.014800,9.687800,0.033200,0.033400,-0.000200,0.018000,3.463000,0.247400,0.094500,2.746700,3.463000,0.247400,14.206400,0.624600,0.577800,63,33
000000053,0.494300,0.080400,7,0.500000,5.873800,0.419600,5,0.074800,0.069100,0.064900,0.062500,0.016300,0.061500,0.014700,9.626500,0.033100,0.033200,-0.000100,0.017800,3.467500,0.247700,0.094400,2.751000,3.467500,0.247700,14.194200,0.624300,0.577800,63,33
000000054,0.494300,0.080400,7,0.500000,5.873800,0.419600,5,0.074800,0.069100,0.064900,0.062500,0.016300,0.061500,0.014700,9.626500,0.033100,0.033200,-0.000100,0.017800,3.467500,0.247700,0.094400,2.751000,3.467500,0.247700,14.194200,0.624300,0.577800,63,33
000000055,0.494300,0.081200,7,0.500000,5.863300,0.418800,5,0.075500,0.069900,0.065700,0.063400,0.016600,0.062400,0.015100,9.753300,0.033100,0.033200,-0.000100,0.018100,3.434000,0.245300,0.094400,2.728200,3.434000,0.245300,14.326500,0.624300,0.577700,62,33
000000056,0.494300,0.081300,7,0.500000,5.862000,0.418700,5,0.075600,0.070000,0.065800,0.063500,0.016600,0.062500,0.015100,9.760500,0.033100,0.033200,-0.000100,0.018100,3.429600,0.245000,0.094400,2.725100,3.429600,0.245000,14.343300,0.624300,0.577800,62,33
000000057,0.494300,0.081300,7,0.500000,5.862000,0.418700,5,0.075600,0.070000,0.065800,0.063500,0.016600,0.062500,0.015100,9.760500,0.033100,0.033200,-0.000100,0.018100,3.429600,0.245000,0.094400,2.725100,3.429600,0.245000,14.343300,0.624300,0.577800,62,33
000000058,0.494300,0.086000,7,0.500000,5.795900,0.414000,5,0.080300,0.074700,0.071300,0.068900,0.018200,0.067800,0.016700,10.742300,0.038400,0.038600,-0.000200,0.020700,3.244800,0.231800,0.096000,2.596100,3.244800,0.231800,15.176000,0.626700,0.578900,60,31
000000059,0.494300,0.088800,7,0.500000,5.757000,0.411200,5,0.083100,0.077500,0.074500,0.072100,0.019200,0.071100,0.017600,11.152400,0.042300,0.042200,0.000000,0.021500,3.127700,0.223400,0.096200,2.517900,3.127700,0.223400,15.666600,0.626700,0.579200,58,30
000000060,0.494300,0.095200,7,0.500000,5.667700,0.404800,5,0.089500,0.083800,0.082200,0.080200,0.022800,0.079200,0.021500,12.199800,0.043200,0.043000,0.000200,0.023900,2.813200,0.200900,0.096400,2.286700,2.813200,0.200900,16.791500,0.626700,0.579500,55,27
000000061,0.494300,0.095200,7,0.500000,5.667700,0.404800,5,0.089500,0.083800,0.082200,0.080200,0.022800,0.079200,0.021500,12.199800,0.043200,0.043000,0.000200,0.023900,2.813200,0.200900,0.096400,2.286700,2.813200,0.200900,16.791500,0.626700,0.579500,55,27
000000062,0.494300,0.095200,7,0.500000,5.667700,0.404800,5,0.089500,0.083800,0.082200,0.080200,0.022800,0.079200,0.021500,12.199800,0.043200,0.043000,0.000200,0.023900,2.813200,0.200900,0.096400,2.286700,2.813200,0.200900,16.791500,0.626700,0.579500,55,27
000000063,0.494300,0.096900,7,0.500000,5.644100,0.403100,5,0.091200,0.085500,0.084200,0.082100,0.023500,0.081200,0.022300,12.495600,0.045600,0.045400,0.000200,0.024600,2.740600,0.195800,0.096400,2.238000,2.740600,0.195800,17.089000,0.626700,0.579500,54,26
000000064,0.494300,0.096900,7,0.500000,5.644100,0.403100,5,0.091200,0.085500,0.084200,0.082100,0.023500,0.081200,0.022300,12.495600,0.045600,0.045400,0.000200,0.024600,2.740600,0.195800,0.096400,2.238000,2.740600,0.195800,17.089000,0.626700,0.579500,54,26
000000065,0.494300,0.091400,7,0.500000,5.719800,0.408600,5,0.085800,0.080100,0.077500,0.075300,0.020500,0.074300,0.018300,10.587400,0.044600,0.043500,0.001100,0.018700,3.023000,0.215900,0.091600,2.454100,3.023000,0.215900,16.135000,0.618800,0.576500,57,29
000000066,0.494300,0.091300,7,0.500000,5.721800,0.408700,5,0.085600,0.080000,0.077400,0.075100,0.020400,0.074100,0.018200,10.543200,0.044600,0.043500,0.001000,0.018600,3.031000,0.216500,0.091400,2.460800,3.031000,0.216500,16.109300,0.618500,0.576300,57,29
000000067,0.494300,0.093800,7,0.500000,5.686500,0.406200,5,0.088200,0.082500,0.079200,0.077100,0.020600,0.076100,0.019400,10.805700,0.044600,0.043400,0.001200,0.019000,3.158400,0.225600,0.091200,2.579200,3.158400,0.225600,16.554300,0.618000,0.576300,56,30
000000068,0.494300,0.089700,7,0.500000,5.743700,0.410300,5,0.084100,0.078400,0.074500,0.072400,0.019000,0.071400,0.017500,10.090600,0.039200,0.037800,0.001400,0.017100,3.326500,0.237600,0.091400,2.690700,3.326500,0.237600,15.833700,0.618000,0.576600,58,32
000000069,0.494300,0.089700,7,0.500000,5.743700,0.410300,5,0.084100,0.078400,0.074500,0.072400,0.019000,0.071400,0.017500,10.090600,0.039200,0.037800,0.001400,0.017100,3.326500,0.237600,0.091400,2.690700,3.326500,0.237600,15.833700,0.618000,0.576600,58,32
000000070,0.494300,0.094800,7,0.500000,5.672600,0.405200,5,0.089100,0.083500,0.080700,0.078800,0.021700,0.077900,0.020900,11.777000,0.040200,0.039500,0.000700,0.022200,3.062000,0.218700,0.095500,2.489000,3.062000,0.218700,16.729400,0.624800,0.579300,55,29
000000071,0.494300,0.081000,7,0.500000,5.865900,0.419000,5,0.075300,0.069700,0.064500,0.062300,0.015800,0.061300,0.014400,9.577900,0.030200,0.029900,0.000400,0.017200,3.659200,0.261400,0.095200,2.904600,3.659200,0.261400,14.294100,0.624800,0.578700,62,35
000000072,0.494300,0.081600,7,0.500000,5.857000,0.418400,5,0.076000,0.070300,0.065300,0.063100,0.016100,0.062100,0.014800,9.701900,0.030200,0.029900,0.000300,0.017600,3.630300,0.259300,0.095100,2.884700,3.630300,0.259300,14.405600,0.624800,0.578600,62,35
000000073,0.494300,0.025700,7,0.500000,6.639900,0.474300,6,0.020100,0.014400,0.011800,0.010300,0.003500,0.009500,0.008600,1.516800,0.021600,0.022100,-0.000500,-0.001500,2.993700,0.213800,0.091300,2.457400,2.993700,0.213800,4.538900,0.600500,0.584400,90,29
000000074,0.494300,0.030200,7,0.500000,6.577100,0.469800,6,0.024500,0.018900,0.014800,0.013800,0.004400,0.013100,0.004900,1.533700,0.021600,0.021500,0.000100,-0.002100,3.229900,0.230700,0.083500,2.714800,3.229900,0.230700,5.330500,0.590700,0.578100,88,31
000000075,0.494300,0.030200,7,0.500000,6.577100,0.469800,6,0.024500,0.018900,0.014800,0.013800,0.004400,0.013100,0.004900,1.533700,0.021600,0.021500,0.000100,-0.002100,3.229900,0.230700,0.083500,2.714800,3.229900,0.230700,5.330500,0.590700,0.578100,88,31
000000076,0.494300,0.040700,7,0.500000,6.430700,0.459300,6,0.035000,0.029300,0.027200,0.026500,0.009500,0.025900,0.007100,3.701900,0.027900,0.028500,-0.000600,0.004000,2.746400,0.196200,0.091000,2.369700,2.746400,0.196200,7.174700,0.600300,0.584000,83,26
000000077,0.494300,0.039800,7,0.500000,6.443300,0.460200,6,0.034100,0.028400,0.026100,0.025300,0.008900,0.024700,0.006900,3.662600,0.027900,0.028800,-0.000900,0.004100,2.794400,0.199600,0.090700,2.409000,2.794400,0.199600,7.016900,0.600300,0.583600,83,27
000000078,0.494300,0.039800,7,0.500000,6.443300,0.460200,6,0.034100,0.028400,0.026100,0.025300,0.008900,0.024700,0.006900,3.662600,0.027900,0.028800,-0.000900,0.004100,2.794400,0.199600,0.090700,2.409000,2.794400,0.199600,7.016900,0.600300,0.583600,83,27
000000079,0.494300,0.039500,7,0.500000,6.447300,0.460500,6,0.033800,0.028100,0.025600,0.024900,0.008700,0.024200,0.006800,3.621700,0.026800,0.027800,-0.001000,0.004100,2.840600,0.202900,0.090500,2.442900,2.840600,0.202900,6.966000,0.600100,0.583300,83,27
000000080,0.494300,0.041100,7,0.500000,6.425200,0.458900,6,0.035400,0.029700,0.026900,0.026200,0.009000,0.025500,0.007200,3.830700,0.026800,0.027800,-0.000900,0.004600,2.914400,0.208200,0.090500,2.497600,2.914400,0.208200,7.244700,0.600000,0.583300,82,28
000000081,0.494300,0.074100,7,0.500000,5.962600,0.425900,5,0.068400,0.062800,0.057600,0.056300,0.015500,0.055500,0.015800,8.368400,0.026800,0.027100,-0.000200,0.014700,3.655600,0.261100,0.090200,2.918800,3.655600,0.261100,13.074200,0.618700,0.574400,66,35
000000082,0.494300,0.074300,7,0.500000,5.959600,0.425700,5,0.068600,0.063000,0.057800,0.056500,0.015700,0.055800,0.015700,8.280200,0.026800,0.026800,0.000100,0.014200,3.644100,0.260300,0.090200,2.909600,3.644100,0.260300,13.112300,0.618300,0.574600,66,35
000000083,0.494300,0.074400,7,0.500000,5.958100,0.425600,5,0.068800,0.063100,0.058000,0.056700,0.015700,0.056000,0.015800,8.323500,0.026800,0.026800,0.000000,0.014300,3.638500,0.259900,0.090400,2.905200,3.638500,0.259900,13.131100,0.618500,0.574700,66,35
000000084,0.494300,0.105800,7,0.500000,5.519200,0.394200,4,0.100100,0.094400,0.086700,0.084600,0.019000,0.083600,0.022900,12.154500,0.026800,0.027100,-0.000200,0.023000,4.400700,0.314300,0.082400,3.356800,4.400700,0.314300,18.662800,0.634600,0.561500,50,42
000000085,0.494300,0.105800,7,0.500000,5.519200,0.394200,4,0.100100,0.094400,0.086700,0.084600,0.019000,0.083600,0.022900,12.154500,0.026800,0.027100,-0.000200,0.023000,4.400700,0.314300,0.082400,3.356800,4.400700,0.314300,18.662800,0.634600,0.561500,50,42
000000086,0.494300,0.105900,7,0.500000,5.517100,0.394100,4,0.100300,0.094600,0.087000,0.084800,0.019100,0.083900,0.023000,12.202800,0.027500,0.027700,-0.000200,0.023100,4.369200,0.312100,0.082500,3.333500,4.369200,0.312100,18.689500,0.634900,0.561600,50,42
000000087,0.494300,0.105600,7,0.500000,5.521300,0.394400,4,0.100000,0.094300,0.086700,0.084400,0.019000,0.083500,0.022900,12.176800,0.027500,0.027900,-0.000400,0.023200,4.385300,0.313200,0.082300,3.346300,4.385300,0.313200,18.636100,0.634700,0.561300,50,42
000000088,0.494300,0.107000,7,0.500000,5.501700,0.393000,4,0.101400,0.095700,0.088000,0.085700,0.019000,0.084700,0.023100,12.356100,0.027500,0.027900,-0.000400,0.023500,4.404400,0.314600,0.082300,3.356600,4.404400,0.314600,18.883200,0.634700,0.561300,49,42
000000089,0.494300,0.107200,7,0.500000,5.498800,0.392800,4,0.101600,0.095900,0.088100,0.085800,0.019000,0.084800,0.023200,12.348400,0.027500,0.027800,-0.000300,0.023500,4.416000,0.315400,0.082200,3.374200,4.416000,0.315400,18.920000,0.634500,0.561300,49,42
000000090,0.494300,0.065100,7,0.500000,6.088600,0.434900,5,0.059400,0.053800,0.042400,0.040900,0.008900,0.040200,0.009300,4.795800,0.004700,0.004300,0.000400,0.005000,5.256500,0.375500,0.070800,4.011900,5.256500,0.375500,11.486500,0.590600,0.559800,70,50
000000091,0.494300,0.065100,7,0.500000,6.088600,0.434900,5,0.059400,0.053800,0.042400,0.040900,0.008900,0.040200,0.009300,4.795800,0.004700,0.004300,0.000400,0.005000,5.256500,0.375500,0.070800,4.011900,5.256500,0.375500,11.486500,0.590600,0.559800,70,50
000000092,0.494300,0.065800,7,0.500000,6.078600,0.434200,5,0.060100,0.054500,0.043500,0.042100,0.009400,0.041400,0.010300,5.276800,0.004700,0.004600,0.000100,0.006500,5.189500,0.370700,0.073000,3.944300,5.189500,0.370700,11.612600,0.594100,0.561200,70,49
000000093,0.494300,0.062400,7,0.500000,6.126800,0.437600,6,0.056700,0.051000,0.040200,0.039000,0.008900,0.038400,0.009800,4.906600,0.004400,0.004300,0.000100,0.005600,5.136200,0.366900,0.073100,3.915500,5.136200,0.366900,11.005400,0.578600,0.569000,72,49
000000094,0.494300,0.060900,7,0.500000,6.147100,0.439100,6,0.055300,0.049600,0.038700,0.037600,0.008600,0.037100,0.009600,4.752400,0.003000,0.003000,0.000100,0.005300,5.144500,0.367500,0.073100,3.920900,5.144500,0.367500,10.750000,0.578600,0.568900,72,49
000000095,0.494300,0.061800,7,0.500000,6.135000,0.438200,6,0.056100,0.050500,0.040700,0.039600,0.009400,0.039000,0.010000,5.016400,0.003000,0.002900,0.000100,0.005900,4.898600,0.349900,0.074600,3.728800,4.898600,0.349900,10.901900,0.580300,0.570400,72,47
000000096,0.494300,0.045300,7,0.500000,6.365100,0.454700,6,0.039700,0.034000,0.019200,0.018700,0.003900,0.018300,0.004200,1.996700,0.003000,0.002400,0.000600,-0.001700,6.027600,0.430500,0.065500,4.605000,6.027600,0.430500,8.001400,0.569000,0.562800,80,57
000000097,0.494300,0.047400,7,0.500000,6.336600,0.452600,6,0.041700,0.036100,0.020600,0.020300,0.004200,0.020000,0.006200,2.294700,0.003000,0.002600,0.000400,-0.000900,6.137200,0.438400,0.065700,4.732500,6.137200,0.438400,8.361500,0.569500,0.562800,79,58
000000098,0.494300,0.048600,7,0.500000,6.320300,0.451400,6,0.042900,0.037200,0.021800,0.021400,0.004400,0.021100,0.006300,2.403800,0.004100,0.003700,0.000500,-0.000600,6.131600,0.438000,0.065700,4.728900,6.131600,0.438000,8.567000,0.569500,0.562800,79,58
000000099,0.494300,0.048600,7,0.500000,6.320300,0.451400,6,0.042900,0.037200,0.021800,0.021400,0.004400,0.021100,0.006300,2.403800,0.004100,0.003700,0.000500,-0.000600,6.131600,0.438000,0.065700,4.728900,6.131600,0.438000,8.567000,0.569500,0.562800,79,58
