GEOID,DISTRICT
370210001.1,1
370210053.1,1
370210068.1,1
370210022.2,1
370210027.2,1
370210058.1,1
370210059.1,1
37191000004,2
37191000026,2
37191002530,2
3706100CALY,2
37191000028,2
37191000002,2
370210066.1,1
37143BETHEL,3
370210044.1,1
370210024.1,1
370210048.1,1
370210038.3,1
370210036.1,1
37111FORT-1,1
37111FORT-2,1
370210060.2,1
37035000019,4
37035000006,4
37035000002,4
370230029-B,4
370230029-A,4
3710900NB35,4
37035000030,4
37035000014,4
37035000032,4
37035000001,4
370210002.1,1
37035000017,4
37035000026,4
37035000024,4
37023000012,4
37023000013,4
37023000015,4
371350000SM,5
371350000CP,5
37063000044,5
371350000HE,5
37135000ENO,5
37063000045,5
37063000050,5
37153000004,6
370210011.1,1
370210045.1,1
370210039.2,1
370210039.3,1
370210037.1,1
370210003.1,1
370210054.2,1
370210018.2,1
370890000FL,1
370210052.1,1
37035000016,4
37035000029,4
37035000012,4
37035000023,4
371050000D1,5
371050000D2,5
371050000C1,6
371050000C2,6
371350000WD,5
37135000WDS,5
37153000009,6
371050000E1,7
371050000E2,7
3708500PR23,7
3708500PR26,7
3708500PR24,7
3710100PR14,7
3708500PR25,7
3708500PR29,7
370210047.1,1
37143PARKVI,3
37143NEW-HO,3
3706100WOLF,8
370210025.1,1
370210008.3,1
370210060.4,1
370210008.2,1
370210034.1,1
3706100MAGN,8
3716300ROWA,8
3716300INGO,8
3706100BEUL,8
37107000PH2,8
3706100KENA,8
37135000CS1,5
37153000008,6
37165006-89,6
37153000005,6
37165001-16,6
37155000019,6
3703100NPT2,3
3703100NPT1,3
3703100IBSP,3
3703100MHD2,3
3703100ABCH,3
3703100MHD1,3
3708500PR07,7
3706100WALL,8
3706100ROSE,8
3706100WARS,8
3716300TURK,8
3706100FAIS,8
3716300GIDD,2
3706100GLIS,8
37165000004,6
37165000003,6
37017000P80,6
37017000P45,8
3701700P202,6
37017000P55,8
3713300BC21,8
3713300ML23,3
37103000P07,3
3713300NR02,8
37143NICANO,3
37035000013,4
371350000NS,5
371350000WW,5
37019000016,8
370190004B2,8
3701900004A,8
37129000W03,8
37129000W26,8
37019000021,8
37019000007,8
37019000017,8
37019000019,8
37019000008,8
37019000020,8
37019000015,8
37153000002,6
37153000001,6
37153000013,6
37165002-25,6
371350000KM,5
37035000031,9
37035000008,4
371350000LC,5
37191000013,2
37191000007,2
37191000001,2
37191001920,2
37191000029,2
37191000012,2
37057000062,10
37057000066,11
37123000LIT,10
37055000KDH,3
370550000EL,3
3705500AVON,3
3705500KTHK,3
3705500SOSH,3
370210023.3,1
370210021.1,1
370210023.2,1
370210014.3,1
370210042.1,1
370210067.1,1
370210012.1,1
370210033.3,1
37119000202,9
37119000206,9
37119000201,12
37119000097,13
37119000114,13
37119000134,9
37119000087,13
371190223.1,13
37119000011,13
37119000019,13
37119000227,12
37119000208,9
370970DV1-B,9
370970DV2-B,9
371190139.1,12
37119000236,12
371350000GB,5
371350000OG,5
3700100009S,5
371350000WH,5
3713500000H,5
371350000EF,5
37153000010,6
371350000CW,5
37063000025,5
37063000026,5
3707700BERE,14
37069000013,2
37035000041,9
37035000020,4
37035000037,4
37035000003,4
37035000040,4
37035000035,4
37035000025,4
3710100PR09,2
371010PR29B,2
3710100PR13,7
3710100PR34,2
3710100PR08,2
3710100PR36,2
37083000HPR,3
3710100PR20,2
37183009-02,2
3710100PR35,7
3716300PLVW,7
3708500PR31,7
37119000237,9
371190204.1,12
37119000041,13
37119000081,13
37119000133,9
37119000054,13
37119000148,12
37119000062,12
3707700BTNR,14
3707700CORI,14
3707700SOOX,14
37173ALMOND,1
3707500EAST,1
37113000015,1
3707500STEC,1
37173000BC1,1
37173000BC2,1
37099000SDC,1
37099000QUA,1
370870000IH,1
37113000003,1
37113000007,1
371050000A1,7
371050000A2,7
3708500PR01,7
37051SL78-3,6
3708500PR08,7
3712700P02A,2
3712700P23A,2
3712700P17A,2
3712700P16A,2
3712700P04A,2
3712700P11A,2
3712700P14A,2
3712700P10A,2
3712700P03A,2
37153000006,6
37057000056,10
3708300ENF1,2
3712700P13A,2
371170000GN,3
370150000RX,3
370150000WD,3
370830BUTWD,2
37185000009,2
370830LIT-2,2
37185000001,2
37131LAKE-G,2
3708300RR-3,2
37083000RRC,2
37049000011,3
37049000007,3
37049000002,3
3703100STEL,3
37049000003,3
3704900VE14,3
37147000601,3
3712700P08A,2
3707700CRDL,14
3713300JA01,8
3713300BM08,8
371330NE22A,8
3713300VR15,8
3713300HU20,8
371330NE22B,8
3713300EN03,8
37035000034,4
3717300WHCH,1
3708500PR20,7
3705100LI65,7
3708500PR28,7
37183012-02,7
3708500PR32,7
37119000203,12
37119000216,12
37119000232,12
3710900IS23,4
37161000011,4
3716100006A,1
3714900CG05,1
37191000009,2
37191000015,2
37191000010,2
37191000024,2
3710100PR04,2
37057000058,11
37057000008,11
37057000020,11
37057000052,11
37057000016,11
37067000042,11
370210064.1,1
370210009.1,1
370210057.1,1
370210031.1,1
370210055.1,1
37119000224,13
37119000050,13
37119000069,12
37119000023,13
37119000063,12
37119000104,12
37119000229,13
37119000243,13
3712700P21A,2
3712700P19A,2
37037000018,5
37125000CAR,6
37037000020,7
371050000B1,7
37183006-10,7
37037MCH110,5
37037NWM117,5
371350000WC,5
37037000085,5
371510000SE,5
37037000030,5
37119000132,12
3716100005A,4
3710900LS12,4
3710900DW28,13
37161000028,1
37161000030,1
37161000013,4
3710900TA37,9
37057000054,11
371510000TB,10
37057000074,11
37057000048,11
37057000070,11
37123000CHE,6
3712700P20A,2
3712700P24A,2
3714900WO06,1
37161000018,1
3714900CL07,1
3714900SA04,1
370890000RR,1
37057000032,11
37057000004,11
37057000076,10
371510000TR,10
370830RR-10,2
37083WEL1-2,2
370830LIT-1,2
3704900DFB9,3
3704900CFB8,3
37147001001,3
3710700000C,3
37049000017,3
370490000N2,3
37037000015,5
37037000078,5
37037ESC114,5
37037000042,5
37037000006,5
37037000045,5
37099000GCK,1
37099000CUL,1
370210013.1,1
3714700800B,3
3714701512A,3
37119000022,13
37119000207,9
37119000242,9
37119000043,12
37119000136,12
37119000211,13
37119000241,9
37017000P65,8
37017000P10,6
37119000031,13
37119000088,13
37119000230,13
37119000205,12
37025001-04,12
37119000209,13
3710100PR22,2
37119000145,9
37119000239,9
37025002-09,9
37119000094,12
37119000141,9
37119000105,12
3714900CL08,1
37035000005,4
3714701513A,3
37119000213,13
37119000093,13
371750000CM,1
371750000BD,1
371750000WC,1
371750000PF,1
37147001501,3
371750000B4,1
371750000RE,1
37119000013,13
37119000026,13
37123000UWH,10
37123000PEE,12
37123000STA,6
37125000WEM,5
371230000T1,10
37123000CAN,6
37113000002,1
37113000014,1
37113000010,1
370210030.3,1
370210030.2,1
370890000NM,1
370210071.1,1
37147000301,3
37119000220,12
37119000058,13
37119000099,12
37119000233,12
37119000009,13
37119000140,13
37119000109,13
37155000002,6
3715500032A,6
37155000023,6
37155000022,6
37155000016,6
37017000P60,6
3701700P201,6
37047000P15,6
37119000231,13
37017000P25,8
37047000P18,6
37017000P40,8
3700300LRSL,4
3700300T2T3,4
37019000006,8
37019000022,8
37019000023,8
37099000SAV,1
37113000012,1
3704300SHCR,1
3703100BFT2,3
3703100EMIS,3
3713300SW19,8
3703100BFT1,3
3703100DASW,3
3703100BOGU,3
3704700P22A,8
3704700P20A,8
3704700P01A,8
37047000P24,6
3704700P26B,8
3704700P16B,8
37047000P09,6
37047000P08,6
37023000051,4
37009000009,4
37093000063,6
37093000061,6
37155000039,6
37185000010,2
371070000K6,3
3710700000W,3
37103000P06,8
37107000PH1,8
3703100CISL,3
3703100ATSL,3
370870000EF,1
3714500PNTH,5
3708700WS-2,1
37009000020,4
37009000014,4
37009000012,4
37009000011,4
37023000014,4
37023000036,4
37023000035,4
37023000065,4
370870000AC,1
37093000062,6
37119000016,13
37069000019,14
37069000009,2
37049000020,3
371370001RB,3
3704900TE13,3
37049000019,3
37049000021,3
370490000N4,3
37049000016,3
3719500PRWB,2
3719500PRWL,2
3719500PRTO,2
3719500PRWN,2
3719500PRWJ,2
3719500PRCR,2
3719500PRSP,2
3703100MCRK,3
3703100BCRK,3
3703100WILD,3
3703100CCCP,3
3703100MERR,3
37009000004,4
37009000015,4
3700500006A,4
37193000125,4
37017000P30,8
3704700P02B,8
37047000P14,8
3703100MASM,3
3700300S1S2,4
3719500PRWQ,2
3719500PRWI,2
3719500PRTA,2
3703100MHD4,3
3710900ST36,4
37035000009,4
3716100016A,1
37111M.COVE,1
3716100004A,4
3710900LI14,4
3710900SL24,4
37161000014,4
37161000029,4
37023000052,4
37023000001,4
37009000007,4
3708700CL-S,1
3708700CL-N,1
3714500ALVI,5
3714500CUCL,5
3714500WDSD,5
370870000BC,1
37093000012,6
37171000031,11
37171000019,11
37171000023,11
3719500PRBL,2
37023000031,4
37023000021,4
37023000024,4
3701700P501,6
3702700PR33,4
3702700PR25,4
37171000029,11
37017000P15,6
3713300RL09,8
37093000013,6
37155000010,6
37155000021,6
370510G9B-1,6
37155000008,6
37155000009,6
37037PIT113,5
37037000009,5
3714701508A,3
3714701508B,3
37119000137,12
37069000015,2
37069000003,14
37069000008,2
37069000005,2
37069000016,2
37069000001,2
3700300000E,4
371510000AW,10
371510000SO,10
371510000DR,10
371510000GR,10
371510000PR,10
371510000AE,10
371570000DR,10
37161000027,1
3702700PR32,4
3702700PR21,4
37023000066,4
3702700PR22,4
37111DYSART,4
3700300000W,4
37093000064,6
3702700PR34,4
3702700PR35,4
3702700PR14,4
3701300RVRD,3
371570000MS,10
3716100009A,1
3714900GC09,1
37037000075,5
37037000024,5
37009000006,4
37023000040,4
37023000022,4
37069000018,2
37069000011,2
3710100PR37,2
3710100PR07,2
37191000003,2
3710100PR25,2
3710100PR26,2
37165005-10,6
370130AUROR,3
370130WASH4,3
371170000R2,3
371170000BG,3
3701300TCRK,3
3701300OLDF,3
370130EDWAR,3
370130BELHV,3
371170000CR,3
37147000401,3
3714701504A,3
3714701504B,3
3714701505B,3
37171000030,11
37171000005,11
3713300FS16,8
3713300HR17,8
3713300MT24,8
3714100SC13,8
3714100UH08,8
3714100SP15,8
3719500PROL,2
3712700P01A,2
3719500PRWE,2
3719500PRWM,2
3719500PRGA,2
371010PR31A,7
371010PR10A,2
371010PR10B,2
371010PR11B,7
371010PR29A,2
371010PR27A,2
371010PR27B,2
3710100PR30,2
3703300LEAS,5
37119000146,9
37119000225,13
37119000151,9
37119000065,12
37099000SCC,1
37047000P07,6
37113000013,1
37093000002,6
3715500026A,6
371070000K2,3
371570000EC,10
371570000WS,10
371510000LC,10
371510000UG,10
371570000RC,10
37115MARS-H,1
37019000005,8
37019000001,8
370830000SN,3
37099000BCK,1
37119000135,13
37119000014,13
37119000098,13
37183016-06,7
37183017-13,2
37183017-12,2
37183017-04,2
37183004-11,7
3704900N3N5,3
37155000041,6
37155000014,6
37183001-11,14
37183004-20,7
37183010-04,2
37183020-15,14
37183020-17,7
37183020-14,7
37183020-16,14
37183001-20,14
37183019-13,14
37183019-14,14
37183019-15,14
37183019-05,14
370150000M2,3
371510000AR,10
3712700P15A,2
3712700P07A,2
37083000HAL,3
37071000014,13
37071000039,13
37057000028,11
37103000P05,3
37103000P01,3
3705500STPT,3
371390NORTH,3
37057000046,11
37057000082,11
3708100MON1,10
37081000G06,10
3713900EAST,3
37183001-45,14
37183001-40,14
37071000023,13
37023000011,4
370030000B1,4
3719700BNVL,11
3719700SKNB,11
3702700PR01,4
3702700PR18,4
37057000012,11
370510G9B-2,6
37051000G9A,6
370510G3A-1,6
370510G3A-2,6
37051000G8D,6
3705100CC12,6
3705100CC14,6
3705100CC07,6
3706100ALBE,8
37019000014,8
37019000013,8
3701900010A,8
3701900010B,8
37057000088,10
37081000H15,10
37057000018,11
37057000072,11
37057000060,10
37081000H22,10
37081NCLAY2,5
3708100JEF1,5
370810NWASH,5
37081000G35,10
37167000026,12
37081000G52,10
37001000127,5
3700100012N,5
37001000013,5
3700100006E,5
37001000063,5
3719903-EGY,1
37183010-03,2
37183004-05,14
37071000021,13
37003T1T4T5,4
37183017-11,14
37183001-50,7
37183010-02,2
37183008-02,14
37183020-08,7
37183001-15,14
37183001-49,7
3705100CC33,6
3705100CC01,6
37125000PBF,6
37125000LTR,6
37125000PHC,6
37125000EAB,6
37125000PDN,6
37093000004,6
37169000017,11
37169000015,11
37169000007,11
371510000BC,10
371510000AS,10
371510000LB,5
37001000001,5
370130000HB,3
37081000H04,10
3708100JAM5,10
37169000004,11
37169000020,11
37169001819,11
37169001618,11
37095000ENG,3
37169000009,11
371370003BY,3
370510G2C-2,6
37051000G2A,6
370510G2E-2,6
37051000G2B,6
370510G2C-1,6
3705100G11B,6
37051000G2D,6
3705100CC17,6
370510G2E-1,6
370510G5A-2,6
370510G5B-1,6
370510G5A-1,6
37051000G5C,6
370510G5B-2,6
37051000G8A,6
37051000G8B,6
37051000G8C,6
3705100AH49,6
37051000G6A,6
37051000G6C,6
37051000G6B,6
37017000P70,6
3716300CLEM,7
37071000017,13
371170000R1,3
371170000HM,3
3711700000J,3
370130PINET,3
370150000MH,3
371570000HO,10
37081000FR4,10
37081000H09,10
37081000H08,10
37081000G29,10
37169000008,11
37169000013,11
37169000012,11
37081000RC2,5
37125000WAB,6
37125000WND,6
37037000003,5
37019000002,8
37189000011,4
37189000014,4
37115LAUREL,1
37001000002,5
37001000005,5
3703300ANDE,5
3703300STON,5
37001000011,5
371350000CA,5
370330000PH,5
37001000007,5
3700100008S,5
37071000025,13
37071000028,13
37071000029,13
3713704VM-A,3
3713704MSIC,3
371510000NM,10
371510000RN,10
371510000RM,5
37193000106,4
37189000005,4
37081000G61,10
37081000G48,10
37081000G50,10
37081000H01,10
37081000PG2,10
37155000035,6
37185000012,2
370130BEADM,3
37193000124,11
37171000001,11
37193000107,11
37193000128,4
37193000103,4
37193000122,4
3719700SBCK,11
370810MON2B,10
370810MON2A,10
37081000FR1,10
371150BEECH,1
370210051.2,1
371510000ST,5
37051CL57-1,6
3705100CC27,6
3705100G10C,6
3705100G10A,6
3705100G10B,6
37125000VSS,6
3712500EKWD,6
3712500WKWD,6
37125000CAM,6
37051CL57-2,6
37051000G3B,6
37051000G3C,6
3705100LR63,6
3710900HC33,4
3710900OB21,4
3710900LN11,4
3706100ROCK,8
3716300HARR,8
3706100CYCK,8
3713300CL10,8
3713300NM13,8
3706100SMCA,8
3714500SWST,5
3708700WS-1,1
3714500ROX4,5
37065001001,3
3715500018A,6
3719901-BUR,1
3719908-CRA,1
37065001203,2
37065001204,2
37065000101,3
370870000CR,1
3708700FC-2,1
3713300HN14,8
370950000BM,3
370130PANTE,3
37183004-18,14
37183001-23,14
3712700P05A,2
37081000G75,10
37081000SF1,10
37081000OR1,10
37081000G47,10
37081000G74,10
37167000010,12
37167000013,12
37167000023,12
37081000G53,10
3708100SMAD,5
37081000G65,10
37081000G51,10
37167000008,12
37167000015,12
3708100JEF2,10
37081000G72,10
371150SOUTH,1
37115WALNUT,1
37019000011,8
3701300WDPD,3
371170000W2,3
370150000W1,3
370130WASHP,3
3708100SDRI,10
37081000G64,10
3708100SUM2,10
3708100H19A,10
37081000G15,10
37081000GIB,5
37167000017,9
37159000022,9
37081NCLAY1,10
3713300TL06,8
3713300GB12,8
371570000SE,5
371570000HU,10
371570000MC,10
370890000SW,1
3708100MON3,10
371570000IR,10
37081000G44,10
37081000G67,10
37081000G32,10
37081000H03,10
370810000GR,5
3714100PL10,8
3714100UU17,8
3708700000P,1
3708700BE-1,1
3708700BE-3,1
3714500MTTZ,5
37063000028,14
370890000RG,1
370890000SE,1
3708900HV-2,1
370890000SB,1
370890000GR,1
3714500RCTL,5
37057000024,11
37057000036,11
37057000050,11
3716300AUTR,7
37179000009,12
37179000006,12
3717900020B,12
37179000043,12
37179000039,12
37179000015,12
37179000040,12
37179000008,12
3717900029C,12
3701300NCRK,3
370130SURBA,3
37045000S-C,4
3704500KM-S,13
37045GROVER,4
370450MULLS,4
370450CASAR,4
3716100010A,4
37045SHANGI,4
3704500S-4A,4
3704500LATT,4
3714100UT14,8
37067000132,11
3712900CF02,8
37129000H12,8
37129000H13,8
3712900CF01,8
37019000003,8
3714100GR06,8
3716300MING,7
37129000H11,8
37129000H10,8
37129000W27,8
37129000H08,8
37129000H02,8
3716300LAKE,7
3716300ROSE,6
37081000H28,10
3708100H29B,10
3708100H29A,10
37009000013,4
3702700PR02,4
37123000ELD,10
37057000022,11
37057000038,11
37057000006,11
37067000606,11
37067000906,11
37067000021,11
3714100CL05,8
37155000003,6
371170000GR,3
37019000018,8
37001000035,5
37001000064,5
37001000128,5
3702700PR13,4
3702700PR07,4
37023000062,4
37011000004,4
37179000012,12
37009000018,4
3703300MILT,5
3700100006N,5
37001000129,5
3700100010N,5
3714100MT19,8
3714100CS04,8
37081000G33,10
37167000011,12
37167000027,12
37057000068,10
37057000040,11
3714100LU16,8
370910000CM,3
370890000HS,1
3708900HV-1,1
370890000NW,1
370890000EF,1
370890000BK,1
370890000PR,1
370890000AT,1
3700100012E,5
37001000103,5
371350000CX,5
3700100010S,5
370910000M1,3
3707900BEAR,3
37079000SH1,3
3707900CAST,3
37155000030,6
370910000HV,3
370910000A3,3
3708100JAM2,10
3708100JEF3,10
3708100NMAD,5
37081000PG1,10
37081000H26,10
370810SCLAY,5
3708100SUM3,10
3702700PR17,4
3702700PR30,4
37155000020,6
37065000501,3
37065001205,2
370130WASH2,3
3700100012W,5
3700100012S,5
37001000126,5
37001000125,5
3707900WALS,2
37081000G37,10
370810H27-A,10
370810H27-B,10
37167000021,12
37081000G23,10
37081000G39,10
37081000G38,10
37081000G09,10
37179000003,12
37179000016,12
37081000H23,10
3705700086A,11
370290000CH,3
37139000NIX,3
371390SOUTH,3
3716300GARL,8
37129000W15,8
3712900FP08,8
37129000M06,8
37129000M07,8
3713300WN04,8
37129000W28,8
3716300WBRK,7
3710100PR38,7
3719700DCRK,11
370970000EM,11
370970DV1-A,9
37097000CC3,9
37159000004,9
37159000024,9
370970000BE,9
370970000FT,9
370970000BA,9
370970000CS,9
37059000002,11
37097000CC4,9
3709700SH-B,9
3716300CLWE,7
3715700LK-2,10
371570000LI,5
3703300PELH,5
37183008-05,14
37183018-06,7
37183001-27,7
37183019-09,2
37183007-07,14
37183001-34,14
37183007-04,14
370810SWASH,5
37081000H11,10
37081000G19,10
37081000G12,10
37081000G30,10
37081000G36,10
37081000G34,10
3708100JAM1,10
37081000H07,10
37081000G11,10
3708100FR5A,10
3708100FR5B,10
3708100JEF4,5
37183017-03,14
37183009-03,2
37183005-05,14
37063000033,14
37183005-03,14
37063000032,14
3718320-06A,7
3718320-06B,7
37183020-12,7
37097000ST3,9
37183001-21,7
37183005-07,14
37183005-08,14
37183001-35,7
37183002-02,14
37183010-01,2
3714100RP20,8
37193000111,4
37183018-01,7
37183008-11,14
37189000020,4
370530000CH,3
37193000101,4
37189000017,4
37011000002,4
37177000015,3
37183019-12,14
37183019-03,14
37183017-09,14
37183005-06,7
37183001-26,14
37183016-04,7
37051EO61-2,6
37051000G4B,6
37051000G4C,6
37051000G4A,6
3705100CC15,6
3705100CC06,6
37125000NSP,6
37183018-02,7
37183001-01,14
37183003-00,7
370890000EV,1
370890000FR,1
3719906-JAC,1
37183015-01,7
371010PR31B,7
37183001-16,14
37183001-29,14
37071000044,13
37081000G03,10
37081000G08,10
3708100FEN2,10
370810NCGR1,10
37183012-09,7
3705100AL51,6
37125000RBN,5
37125000EWD,6
37125000BEN,6
37155000015,6
3715500005A,6
3705100MR02,6
37071000012,13
37071000022,13
37071000018,13
37189000001,4
3705100SH77,6
3705100CC21,6
37065000701,2
37155000029,6
37183013-09,14
37125000DHR,5
37071000045,13
37071000006,13
37193000109,4
37193000102,4
37193000118,4
3714100SB02,8
37063000023,5
37063000029,14
37183014-01,14
3707700CRDM,14
37063000019,14
37063000009,5
37063000010,5
37063000031,14
37063000046,5
37063000042,14
370630035.3,5
3705100CU02,6
3705100CC05,6
3705100CC29,6
37051EO61-1,6
37189000007,4
37189000004,4
37071000035,4
37071000004,13
3705100CC31,6
37125000SSP,6
3712500PHB1,6
37125000SLS,6
3705100CC18,6
3705100CC25,6
3705100CC24,6
37067000505,11
37067000123,11
37067000091,11
37067000602,11
37067000082,11
37067000092,11
37067000015,11
37071000027,13
37071000013,13
37189000006,4
37189000003,4
37071000038,13
37189000019,4
37071000024,13
3714100CT03,8
37193000119,4
37071000042,13
37071000036,4
37189000002,4
37067000908,11
37067000802,11
37067000709,11
37067000703,11
37067000701,11
3715900019A,9
37159000002,9
37189000008,4
370530000WH,3
37065000601,3
370830ENF-2,3
37065001201,2
37065000103,3
37155000037,6
37183008-10,14
37183020-03,7
37183020-11,7
37183006-09,7
37183006-08,7
37183012-08,7
37183001-44,14
37065001101,3
37065001202,2
37067000072,11
37067000206,11
37067000405,11
37067000605,11
37067000604,11
37067000122,11
37065000201,3
370890000SM,1
370890000GM,1
370890000NE,1
370910000SJ,3
370910000A1,3
370070WADES,12
37177000002,3
37177000001,3
37011000003,4
37011000010,4
37121000006,1
37121000004,1
37111N.COVE,4
3719909-SOU,1
3700700PEAC,12
37179000036,12
370070000MM,6
3700700POLK,12
37007000ANS,12
37025012-13,9
37025012-08,9
37025006-00,9
37025010-00,12
37179000032,12
37025009-00,12
37025002-03,9
37025001-11,12
37025004-03,9
37025004-11,9
37159000016,9
37159000009,9
3707900MAUR,3
3707900HOOK,3
3710700000V,3
37067000404,11
37067000301,11
37067000034,11
37067000702,11
371870000LM,3
371870000P1,3
371870000SK,3
37181000NH1,2
371810000NV,2
3718100SCRK,2
37025012-10,9
37025004-13,9
37025002-08,9
37097000CC2,9
37097000ST6,9
37097000ST1,9
370970000TB,11
370970000SB,9
37067000133,11
3719700FBSH,11
37097000ST4,9
370970000UG,11
37097000CC1,9
370970000OL,9
37097000ST2,9
37097000ST5,9
3717900017B,12
37179000034,12
370970DV2-A,9
3709700CH-A,9
3709700SH-A,4
3703900HOTH,1
3703900MARB,1
3703900MURN,1
3703900MURS,1
3703900RGER,1
3703900CSON,1
37179000014,12
37179000025,12
37179000002,12
3717900028D,12
3717900028A,12
3717900028C,12
3717900028B,12
3717900020A,12
37179000023,12
37065000301,3
37155000013,6
37025008-00,9
37025001-10,9
370970000CD,9
37059000014,11
37069000010,2
3712700P09A,2
37011000005,4
37023000018,4
371110MAR-2,1
371110MAR-5,1
37111HIGGIN,4
37111GLENWD,4
3711100NEBO,4
37023000019,4
3704300HAY2,1
371750000LR,1
370890000ES,1
37059000009,11
37067000055,11
37119000040,13
37011000015,4
371750000DR,1
371750000B1,1
371471403A2,3
371471403A1,3
3714701102B,3
37147001201,3
37067000012,11
37067000073,11
37025004-01,9
37025012-03,9
37025003-00,9
37159000044,9
37065000102,3
37065000901,3
3719500PRSA,2
37119000222,13
37119000228,13
37119000138,13
37119000027,13
37119000025,13
3707300004N,3
3707300004S,3
3718100KITT,2
3704300TUSQ,1
3704300WARN,1
3718100HTOP,14
37025011-01,9
37059000001,11
37059000003,11
3719700SLIB,11
37183007-10,14
37059000006,11
371110MAR-4,4
37111T.COVE,1
37059000011,11
370630030-1,14
37063000038,5
37063000027,5
371350000GL,5
371350000ES,5
371350000CF,5
371350000RF,5
370630053-2,5
370630030-2,14
37183007-01,14
37183012-05,7
37183016-11,7
37183016-10,7
37183008-03,14
3703900HIWA,1
3703900HANG,1
3703900ANNW,1
3700500003A,4
37193000126,4
37103000P04,3
3704900CLR4,3
37049000005,3
371070000T1,8
371070000SW,3
37155000012,6
37155000028,6
37071000001,13
3703900ANSW,1
37181000SH1,2
37181000SH2,2
371810000WH,14
37131SEVERN,3
371870000P2,3
37011000011,4
37121000009,1
37063000013,14
37071000003,13
37071000032,13
37071000030,13
37025012-12,9
37025007-00,9
37025002-02,9
371370004HB,3
3713100GAPL,3
37067000068,11
37067000043,11
37067000201,11
37067000705,11
37067000809,11
37159000013,9
37159000023,9
37159000025,9
3715900014A,9
37159000036,9
37183020-05,7
37131COMIPE,3
37159000040,9
37081000G66,10
37081000RC1,5
37183004-21,14
37183001-12,14
37059000004,11
37159000021,9
37183020-10,7
37193000105,11
37193000117,11
37183013-08,14
37183004-07,7
37131RICH-S,3
37071000020,13
3704500KM-N,4
37071000005,13
37067000061,11
371110MAR-1,4
371110MAR-3,4
37111WEST-M,1
37111PLEASA,1
37111CCREEK,1
37183012-01,7
37183002-06,14
37067000708,11
37067000063,11
37047000P11,8
3704700P25B,8
37057000084,11
37183019-16,2
37183018-05,7
371390000MH,3
37183001-18,14
37183001-38,14
37183006-06,7
37059000012,11
37073000001,3
37059000005,11
371370002OT,3
37183016-07,7
37073000005,3
37073000002,3
37183015-02,7
37183013-11,14
3718100MIDD,2
37191000011,2
37183016-01,7
37191000022,2
37183007-09,14
37143EAST-H,3
37183012-06,7
37183001-02,14
37183001-14,14
370210033.2,1
370210005.1,1
370210049.1,1
37191000023,2
37035000004,4
37035000021,9
37035000027,4
37057000030,11
37153000016,6
37165000007,6
371490TR123,1
370210006.1,1
37191000008,2
37191000027,2
37191000021,2
37099000GLV,1
37113000008,1
37113000005,1
37113000009,1
37099000CAS,1
37067000403,11
37067000805,11
37035000033,4
37057000014,11
3714700200A,3
371750000CC,1
371750000EF,1
3710700000N,3
371070000K1,3
371070000K3,3
371750000B3,1
371070000MH,2
3707900SHIN,2
37067000204,11
37067000306,11
37155000011,6
3715500011A,6
370890000LJ,1
370890000PV,1
37123000MTG,6
37123000OPH,10
3714701403B,3
3714701513B,3
37147001506,3
371750000B2,1
37147001503,3
37147000501,3
3712700P22A,2
3712700P06A,2
3705700080A,11
37057000064,11
37057000034,11
37035000011,4
37035000007,4
37161000034,1
37119000212,9
37119000080,13
37119000121,12
37113000006,1
3714700800A,3
37119000218,12
37119000127,9
37147001301,3
3705500MATO,3
37113000001,1
37113000011,1
37099000WEB,1
37185000007,2
3710100PR19,2
37099000RIV,1
37119000053,13
37155000034,6
371350000HF,5
371350000RE,5
3707700EAOX,14
3708300RR-4,2
37153000007,6
3710100PR24,2
3710100PR33,7
371010PR11A,7
37047000P23,8
37047000P19,8
37119000149,12
37119000210,13
37035000022,4
37069000012,2
37119000147,13
37119000030,13
37119000056,13
37119000103,12
37119000122,13
37119000092,13
37119000124,12
37119000074,13
37185000014,2
37119000046,13
37119000001,13
37119000033,12
37119000129,13
37185000003,2
371070000K7,3
37119000051,13
37119000042,13
371190078.1,13
37069000017,2
37147000701,3
3714700200B,3
3714701511B,3
37069000002,2
3713100WOPO,3
37119000015,13
37119000047,13
37119000004,12
370150000W2,3
3716100003A,4
37119000219,12
37119000024,13
37119000234,12
37119000089,13
37047000P10,8
37047000P13,8
3710900LB34,4
37071000034,4
37045000S-S,4
37045MRB-YO,4
37045BETHWR,4
3708700FC-1,1
370830WEL-3,2
370450000BR,4
370830RR-11,2
3700100003N,5
3700100003C,5
370010003N2,5
3715700ED-1,10
37147001101,3
3714701102A,3
370210040.2,1
370210041.1,1
371150NORTH,1
3710900BC13,4
3710900IS20,13
3710900WP32,9
370210016.2,1
370210043.2,1
37045000S-5,4
3702700PR29,4
3702700PR31,4
37001001210,5
370950000FF,3
37063000008,5
3709500SLAD,3
3710900PC22,4
37001000124,5
371570000NB,10
371570000MA,10
37191000016,2
37191000018,2
37171000017,11
37171000027,11
37169000506,11
3719500PRST,2
3703300YANC,5
37171000011,11
37171000032,11
37171000016,11
37171000012,11
37171000015,11
37171000018,11
37171000013,11
3713300CR07,8
37119000049,13
37171000009,11
37095000OCK,3
370950000SQ,3
37063000043,5
371350000PA,5
37183008-08,14
37183008-04,14
37063000051,5
37063000017,14
37063000022,14
37063000014,14
3706100HALL,8
3707700SASS,14
3707700TYHO,14
37045POLKVL,4
370450RIPPY,4
37045LAWNDL,4
37181000EH1,2
37045OAKGRV,4
3704500WACO,4
370130CHOCO,3
3708700BE56,1
37115EBBS-C,1
37115SPRING,1
37131NEWTOW,3
3713100JARE,3
3707700MTEN,14
37183014-02,14
3707700OKHL,14
3707700ANTI,14
37001000004,5
37171000004,11
37171000022,11
37171000010,11
370870000WW,1
370870000JC,1
3707500WEST,1
3702700PR24,4
3716300KFRK,7
3716300SBRG,7
3716300CLSW,8
370890000CC,1
3712900FP06,8
3712900FP07,8
37129000M03,8
37129000H05,8
37129000W29,8
37073000003,3
37005000004,11
370530000CB,3
370290000SM,3
370290000SH,3
371370002SW,3
37025004-08,9
37025012-11,9
37025012-09,9
37167000022,12
37167000025,12
37081000H12,10
3708100CG3B,10
37139000PRO,3
37067000806,11
37067000507,11
3719700NKNB,11
37067000075,11
370530000PB,3
37081000G20,10
37081000G04,10
37081000G73,10
3708100SUM1,10
37081000G01,10
37129000W25,8
37183019-19,2
37183019-18,2
37183011-01,14
37183001-31,14
3719902-CAN,1
37081000G21,10
37183004-13,7
37183019-21,2
37183019-20,2
37129000H06,8
37081000H05,10
37081000G02,10
37081000G22,10
37081000G18,10
37167000020,12
3707500TAPO,1
3716300CLNE,7
37183004-01,7
3715900005A,9
37081000SF2,10
37081000SF4,10
3713900WEST,3
37159000010,9
37159000033,9
37159000031,11
37159000018,9
37159000028,11
37159000015,9
37159000038,9
37159000029,9
37159000032,9
37129000H03,8
371350000TO,5
37159000034,9
37135000UNC,5
3709700CH-B,9
37159000007,9
37159000027,9
37159000012,9
37159000030,9
3717900029A,12
3717900037A,12
37179000033,12
37179000010,12
3717900017A,12
37179000007,12
370070000WS,12
3700700LILE,6
37179000001,12
37081000FR2,10
37067000501,11
37025001-08,12
37129000W30,8
3716300CLEA,8
37025004-12,9
37025012-05,9
37025012-04,9
37119000221,12
37179000021,12
37179000031,12
37129000M02,8
37129000H04,8
37067000601,11
37067000902,11
37067000801,11
37067000062,11
37159000035,9
37159000017,9
37067000033,11
3703900GCRK,1
3703900UNKA,1
3700700GULL,12
37169000011,11
37169000010,11
3707900BULL,2
37067000083,11
37067000081,11
37067000111,11
37067000014,11
37067000067,11
37067000011,11
370890000ED,1
370210038.2,1
37067000502,11
37183001-22,7
37183006-07,7
37183016-09,7
3719904-RAM,1
37183019-11,14
37183016-02,7
37005000001,11
37183019-07,2
37183013-01,14
370890000LP,1
37041000005,3
37041000001,3
37103000P03,3
37121000005,1
37103000P02,3
371070000SH,3
370910000UN,3
37121000001,1
37025005-00,9
37063000003,5
370630053-1,5
37063000052,14
37041000002,3
370910000WN,3
37063000015,14
37063000037,5
37063000024,5
371810000NH,14
370150000C2,3
37183001-06,14
371870000SC,3
37177000016,3
37131SEABOA,3
37183004-08,14
37183004-09,7
37071000037,4
37193000127,4
37193000129,4
37193000114,4
3719300115A,4
37193000120,4
37183001-10,14
37183006-04,7
37183017-02,2
37183016-03,7
37131CREEKS,3
37179000011,12
3717900038B,12
37179000022,12
37179000005,12
37025001-07,12
37025011-02,9
37041000003,3
370150000C1,3
37189000013,4
37071000009,13
37071000043,13
37071000040,13
37071000015,13
37071000019,13
37071000031,13
37071000008,13
37071000011,13
37071000002,13
37071000041,13
37071000046,13
3714100NB01,8
3714100SH12,8
3714100MH07,8
370210004.1,1
370210028.1,1
370890000BC,1
370210014.2,1
370210065.1,1
3708500PR16,6
37153000015,6
37143WEST-H,3
370210032.1,1
3703100HAIS,3
3703100WIHA,3
37143BELVID,3
37019000012,8
371350000DA,5
37191000005,2
37035000028,4
37057000010,11
37057000026,11
37055000WAN,3
370210035.1,1
370210061.1,1
37099000CFK,1
370870000CE,1
37119000217,12
37119000017,13
37119000076,13
37119000066,12
37119000142,9
37119000143,9
37035000015,4
370830RINGW,2
37083000HOL,2
37185000008,2
371010PR12B,7
371010PR12A,7
3710100PR21,2
3710100PR32,2
37119000112,12
37153000003,6
371350000CB,5
37119000084,12
37119000116,12
3710900AS25,4
37119000235,12
3700100008N,5
37161000019,4
3710900DV08,4
3710900LW18,13
3710900LW31,13
37049000023,3
37119000077,13
370210007.1,1
371050000B2,5
37175000TC7,1
37099000CAN,1
37147000101,3
3714701511A,3
3714701510B,3
37147000901,3
37119000020,13
37119000200,13
37123000BIS,6
370210070.1,1
37119000038,13
37017000P75,8
37047000P17,8
37047000P06,6
37023000020,4
37093000014,6
3709300006B,6
37093000015,6
371070000K4,3
3714500HLWY,5
3708700BE-7,1
37011000016,4
370870000PC,1
37119000226,12
3719500PRWH,2
3719500PRWD,2
3719500PRWR,2
3719500PRWP,2
370490000N1,3
37023000064,4
37023000048,4
370870000HA,1
370870000ID,1
37171000025,11
37171000026,11
3719500PRWC,2
37023000034,4
3701700P502,8
3700100006S,5
37119000150,13
37119000126,9
371510000AN,10
3700300G1G2,4
370970000NH,4
37055000HAT,3
37119000214,9
370130WASH1,3
37009000016,4
37023000053,4
3710100PR28,2
371170000W1,3
3719500PRWK,2
37119000021,13
37119000034,12
37113000004,1
37093000001,6
37119000007,12
37119000111,13
37119000085,12
37019000009,8
37183001-28,14
37183001-30,14
37183001-09,14
37189000015,4
371230000T2,10
370550000MH,3
3705500FRCO,3
37183013-10,14
37183001-19,14
37057000042,10
37081000CG1,10
37081000G71,10
37051000G7B,7
37051000G7A,7
37125EUR-WP,6
37051000G1B,6
37051000G1A,6
37169000014,11
3708100H20B,10
37081000H18,10
3705100CC03,6
37189000018,4
3700100009N,5
37115GRAPEV,1
37093000005,6
37193000123,4
37167000016,9
37081000G46,10
37081000G26,10
37155000036,6
3719700NFAL,11
3719700EBND,11
37115HOT-SP,1
3705100CC16,6
3705100CC19,6
3710900DN29,9
3706100CHIN,8
3719910-PEN,1
370210050.1,1
37155000004,6
370870000LJ,1
37183001-07,14
37081000G56,10
37081000G69,10
3708100STOK,10
3708100JAM3,10
3708100JAM4,10
37167000028,12
37081000G10,10
37167000019,9
370130PSJW3,3
3713300HM05,8
371510000SW,10
3708900HV-3,1
37081000G27,10
3714500FLRI,5
37067000053,11
3701300BLCK,3
37045FALSTN,4
3700300000M,4
37009000017,4
37067000401,11
3714100LT18,8
3700100003S,5
3708100FEN1,10
370810NCGR2,10
370890000CB,1
370890000MG,1
37081000H02,10
37081000H13,10
37081000SF3,10
370810G40A1,10
3717900038A,12
37179000027,12
37179000004,12
37129000W24,8
370530000MY,3
37183015-04,7
37183018-08,7
37167000024,12
37081000H10,10
3708100G41A,10
3708100G41B,10
37183004-03,7
37183008-09,14
37183001-03,14
3707700WILT,14
3714100LC09,8
3719300113A,4
37183004-14,7
37183004-10,7
370530000IR,3
37183007-13,14
3705100CC04,6
37125000TLT,6
3712500PHA1,6
370890000AR,1
370890000HC,1
3700700BURN,12
37183009-01,2
37183004-19,7
37071000007,13
37081000G60,10
37183001-41,7
37123000ROC,6
37071000026,13
37063000002,5
37063000020,5
37063000012,14
37063000007,5
37063000018,14
3712500PHA2,6
370630034-2,14
370630034-1,14
37067000901,11
37189000016,4
37193000112,4
37189000010,4
3705100CC10,6
3712500PHB2,6
3705100MB62,6
37183001-37,14
37183013-06,14
37183016-05,7
37067000707,11
37067000808,11
37179000026,12
37067000203,11
37025002-01,9
3703900BRAS,1
37155000001,6
3704300HIAW,1
37059000010,11
37011000013,4
37155000017,6
37067000603,11
37119000079,13
37119000002,13
37011000018,4
37119000055,13
37119000100,12
37067000503,11
3704300SWEE,1
3704300HAY1,1
370910000CO,3
371810000CC,14
37059000013,11
37063000054,5
37063000036,5
37183001-13,14
37041000004,3
370910000M2,3
370910000A2,3
37131GALATI,3
37011000001,4
37121000003,1
37063055-11,5
37063055-49,14
37063000021,5
37121000007,1
37011000014,4
37067000032,11
37067000303,11
371350000SJ,5
37131GASTON,2
37183002-04,14
37183018-03,7
37159000042,9
37011000009,4
37011000012,4
37071000010,13
37183019-17,2
37067000607,11
37183017-10,14
37183001-05,14
37183012-07,7
3707700SALM,14
37183018-04,7
37183017-01,14
370210019.1,1
370210010.1,1
371350000OW,5
371350000CG,5
37153000012,6
37191000014,2
37067000506,11
371070000T2,2
37067000305,11
37067000131,11
370890000NB,1
370210056.2,1
370210029.2,1
37147001507,3
37175000TC1,1
37057000078,11
37119000240,9
3705500NGHD,3
370830RR1-2,2
371010PR23B,7
371010PR23A,7
370310OTBEG,3
37035000010,4
370830FAUCT,2
37153000014,6
37119000083,12
37119000215,12
37119000106,12
37119000052,13
37119000018,13
37119000118,12
37119000060,12
37119000057,13
37119000044,13
37119000003,12
37119000010,13
37119000039,13
37047000P03,8
371070000K9,3
3712700P12A,2
371070000K5,3
370330PROVI,5
37065000801,3
37023000003,4
37119000037,13
371190238.1,9
370870000WE,1
3705500CHCA,3
370490000N6,3
370210026.1,1
3700100003W,5
3711700000W,3
370130GILEA,3
37037000021,5
3708700BE-2,1
370870000SA,1
37045KINGST,4
3716300NGRV,2
37183001-43,14
3716300HERR,7
3712900FP04,8
3712900CF06,8
3712900CF05,8
37129000H01,8
371370001GB,3
3713701AL-A,3
370530000PP,3
37167000018,9
37081000G07,10
37081000H17,10
37139000NEW,3
37067000304,11
37067000903,11
3719700NLIB,11
37167000212,12
37121000008,1
37081000H06,10
37081000G05,10
3719911-PRI,1
37129000W31,8
3712900FP03,8
37183013-05,14
37183020-01,7
37183013-07,14
37081000H21,10
3708100CG3A,10
37081000FR3,10
3708100G42A,10
3708100G42B,10
37129000W16,8
37129000W17,8
37159000026,9
37159000003,9
3719700NBCK,11
37179000013,12
37179000030,12
37179000019,12
37183001-25,7
37159000008,9
37081000G14,10
37067000504,11
37129000M04,8
37129000W21,8
37159000001,9
37067000909,11
37067000064,11
37183020-04,7
37041000006,3
370150000IW,3
37183017-07,14
370910000ML,3
37025012-06,9
37063000040,5
37063000004,5
37063000001,5
37063000047,14
37183007-02,14
3704300HAYC,1
37067000803,11
37011000006,4
370150000SN,3
370210069.1,1
37035000038,4
370210017.1,1
3706100CFRK,8
37119000073,13
3712700P18A,2
371350000NC,5
371350000TH,5
3707700WOEL,14
37119000070,12
370210015.1,1
37119000082,13
37185000005,2
37185000004,2
37119000008,13
37119000064,12
3703100MHD3,3
37093000065,6
370230047-A,4
370230047-B,4
37023000038,4
37023000039,4
37023000070,4
37119000075,13
37183001-46,14
37155000025,6
37183001-48,7
371510000TT,10
37183007-05,14
37183001-17,14
37169000002,11
37169000003,11
371370005AP,3
37081000G55,10
3706100LOCK,8
3719905-GRE,1
37065001401,2
3706100CHAR,8
37081000OR2,10
37081000H16,10
37057000044,11
371170000PP,3
37081000G43,10
37081000H24,10
37081000G59,10
37155000040,6
37155000038,6
37167000003,12
37167000007,12
37065001301,2
37081000G70,10
37081000G63,10
3716300CLCE,8
37183011-02,14
37081000G16,10
37081000CG2,10
37183006-05,7
37081000G24,10
37081000G58,10
37189000012,4
37063000016,5
37071000033,4
3705100CC13,6
37065000104,3
37067000074,11
37067000907,11
37067000807,11
37177000003,3
37067000804,11
37025002-05,9
37067000207,11
37067000904,11
37067000071,11
37067000302,11
3703900BELL,1
37179000035,12
3719700SFAL,11
37025004-09,9
37069000006,2
37059000007,11
37059000008,11
37067000013,11
37147001509,3
37119000102,12
37119000061,12
37067000402,11
37183001-42,14
37063000006,5
37183005-01,7
37185000013,2
37185000006,2
37185000002,2
37067000065,11
3708300RR-7,2
3708300RR-9,2
37069000007,2
37119000036,12
37069000014,2
37119000091,12
37119000045,12
37119000032,13
37119000130,12
371070000K8,3
3714701512B,3
37009000003,4
3714500OLHI,5
370870000WC,1
37119000096,12
37055000BUX,3
3700100006W,5
37171000024,11
370950000LL,3
3708700BE-4,1
37191000017,2
3702700PR08,4
37081000G31,10
37081000H25,10
370530000CJ,3
37183017-05,14
37183001-47,14
37081000G57,10
37159000039,9
37159000041,9
37159000011,9
37179000041,12
3708100SUM4,10
37067000205,11
37025002-06,9
3716300KEEN,2
37179000024,12
37179000042,12
3703900PCHT,1
37183018-07,7
37183004-02,7
37183013-02,14
37025001-02,12
37063000041,5
37063000039,5
37183007-06,14
37011000017,4
37071000016,13
37193000108,4
37193000121,4
370210020.1,1
370210046.1,1
37035000036,4
37153000011,6
37119000086,12
3710900CF19,9
3708300RR-5,2
37119000128,9
37119000028,13
37119000048,13
3703100PKNL,3
37017000P35,6
37093000003,6
371070000FC,3
37119000068,12
3713300SF18,8
37123000WAD,6
37183004-12,7
37047000P04,8
371170000HS,3
37193000104,4
37081000H14,10
37081000G17,10
37081000G13,10
3717900029B,12
37129000W18,8
37183004-04,7
37183015-03,7
37183020-09,7
37183012-04,7
37183001-33,14
37183001-36,14
3705100CC26,6
370530000CI,3
37129000W08,8
370150000WH,3
37119000035,13
3703900TOPT,1
37155000024,6
371870000P3,3
37183004-15,7
3703300LOCU,5
3710700000I,3
3707900ARBA,3
37065000401,3
3714701510A,3
3705500DUCK,3
371350000CO,5
37119000071,13
37119000059,13
37155000007,6
37119000072,12
3710900BS26,4
370210062.1,1
3719500PRWA,2
37171000028,11
3702700PR16,4
370530000GW,3
371290000WB,8
3708100G40B,10
3708100NDRI,10
37067000066,11
37179000018,12
3717900037B,12
37025002-07,9
3719907-BRU,1
37067000031,11
37183002-03,14
370910000BR,3
370150000M1,3
3703100NRIV,3
371350000DM,5
37119000012,13
370210063.1,1
3703100PELE,3
37009000002,4
37119000029,12
37183007-12,14
37055000COL,3
37169000001,11
37067000112,11
37081000G54,10
3708100H20A,10
37129000W13,8
37129000W12,8
3705100CC34,6
370530000KI,3
37067000704,11
37063000005,5
37183008-06,14
37183004-06,7
37183007-03,14
37139000SAL,3
3714100CF11,8
37191000006,2
37035000039,4
37119000117,12
37173ALARKA,1
3708300CONC,3
37119000090,12
37119000113,12
371150SANDY,1
37081000G62,10
37183004-17,14
37135000EA1,5
37067000052,11
37177000014,3
37119000123,12
37119000108,12
37047000P05,8
371190107.1,9
370030000B2,4
37183002-01,14
37047000P21,6
37167000014,12
37183017-06,2
37115REVERE,1
37081000G45,10
37183001-32,7
37081000G28,10
37189000009,4
37067000905,11
37011000008,4
37063000048,5
37121000002,1
37067000054,11
37011000007,4
37067000706,11
37183008-07,14
3714701507B,3
37119000144,12
37119000101,13
37119000006,12
37131LASKER,3
370870000WO,1
3708100H19B,10
37081000G25,10
37183001-51,14
37081000G49,10
370810G40A2,10
37183001-39,14
37183001-04,14
3704300BRAS,1
37119000067,12
3707900SUGG,3
37159000045,9
3705100CC32,6
37119000120,13
3705100CC08,6
37067000051,11
37009000008,4
37183002-05,14
371350000CH,5
37047000P12,8
37067000101,11
37119000110,13
37119000115,12
37155000033,6
37183007-11,14
37185000011,2
3714701505A,3
371350000EH,5
37183004-16,7
37011000019,4
37119000125,12
37119000005,12
37081000G68,10
37119000095,12
37009000010,4
37119000119,12
37119000131,12
